County Name,Most Recent Date,Total Count Confirmed,Total Count Deaths,COVID-19 Positive Patients,ICU COVID-19 Positive Patients
Alameda,4/1/20,287,8,52,27
Alameda,4/2/20,345,10,57,29
Alameda,4/3/20,395,11,64,32
Alameda,4/4/20,468,12,60,35
Alameda,4/5/20,475,12,72,39
Alameda,4/6/20,527,13,79,43
Alameda,4/7/20,560,14,76,43
Alameda,4/8/20,594,15,84,45
Alameda,4/9/20,641,17,80,44
Alameda,4/10/20,706,26,93,45
Alameda,4/11/20,751,26,87,46
Alameda,4/12/20,774,26,91,42
Alameda,4/13/20,821,31,85,40
Alameda,4/14/20,843,37,92,34
Alameda,4/15/20,915,37,81,34
Alameda,4/16/20,981,44,73,31
Alameda,4/17/20,1043,44,85,35
Alameda,4/18/20,1085,44,82,36
Alameda,4/19/20,1134,44,84,37
Alameda,4/20/20,1181,50,85,38
Alameda,4/21/20,1234,51,85,41
Alameda,4/22/20,1275,53,84,38
Alameda,4/23/20,1336,56,81,37
Alameda,4/24/20,1385,56,79,39
Alameda,4/25/20,1396,56,83,39
Alameda,4/26/20,1449,56,84,42
Alameda,4/27/20,1494,59,81,39
Alameda,4/28/20,1525,59,76,37
Alameda,4/29/20,1564,63,76,33
Alameda,4/30/20,1599,63,74,34
Alameda,5/1/20,1630,63,75,32
Alameda,5/2/20,1678,63,73,31
Alameda,5/3/20,1731,65,73,33
Alameda,5/4/20,1762,65,73,31
Alameda,5/5/20,1819,69,76,28
Alameda,5/6/20,1864,69,78,34
Alameda,5/7/20,1914,69,75,34
Alameda,5/8/20,1955,72,80,38
Alameda,5/9/20,2011,75,81,40
Alameda,5/10/20,2047,75,77,40
Alameda,5/11/20,2103,75,78,36
Alameda,5/12/20,2146,80,79,34
Alameda,5/13/20,2181,80,81,37
Alameda,5/14/20,2255,84,82,37
Alameda,5/15/20,2289,85,76,38
Alameda,5/16/20,2327,85,81,40
Alameda,5/17/20,2389,85,74,38
Alameda,5/18/20,2442,88,87,42
Alameda,5/19/20,2493,88,83,40
Alameda,5/20/20,2554,88,81,39
Alameda,5/21/20,2606,90,77,39
Alameda,5/22/20,2722,90,79,38
Alameda,5/23/20,2783,92,80,41
Alameda,5/24/20,2830,93,88,44
Alameda,5/25/20,2900,93,91,40
Alameda,5/26/20,2956,97,93,37
Alameda,5/27/20,3037,97,95,37
Alameda,5/28/20,3083,102,96,44
Alameda,5/29/20,3209,103,102,42
Alameda,5/30/20,3304,103,105,38
Alpine,4/1/20,1,0,,
Alpine,4/2/20,1,0,,
Alpine,4/3/20,1,0,,
Alpine,4/4/20,1,0,,
Alpine,4/5/20,1,0,,
Alpine,4/6/20,1,0,,
Alpine,4/7/20,1,0,,
Alpine,4/8/20,1,0,,
Alpine,4/9/20,1,0,0,0
Alpine,4/10/20,1,0,0,0
Alpine,4/11/20,1,0,0,0
Alpine,4/12/20,1,0,0,0
Alpine,4/13/20,1,0,0,0
Alpine,4/14/20,1,0,0,0
Alpine,4/15/20,1,0,0,0
Alpine,4/16/20,1,0,0,0
Alpine,4/17/20,1,0,0,0
Alpine,4/18/20,1,0,0,0
Alpine,4/19/20,1,0,0,0
Alpine,4/20/20,1,0,0,0
Alpine,4/21/20,1,0,0,0
Alpine,4/22/20,1,0,0,0
Alpine,4/23/20,1,0,0,0
Alpine,4/24/20,1,0,0,0
Alpine,4/25/20,1,0,0,0
Alpine,4/26/20,1,0,0,0
Alpine,4/27/20,1,0,0,0
Alpine,4/28/20,1,0,0,0
Alpine,4/29/20,1,0,0,0
Alpine,4/30/20,1,0,0,0
Alpine,5/1/20,1,0,0,0
Alpine,5/2/20,1,0,0,0
Alpine,5/3/20,1,0,0,0
Alpine,5/4/20,1,0,0,0
Alpine,5/5/20,1,0,0,0
Alpine,5/6/20,1,0,0,0
Alpine,5/7/20,1,0,0,0
Alpine,5/8/20,1,0,0,0
Alpine,5/9/20,1,0,0,0
Alpine,5/10/20,1,0,0,0
Alpine,5/11/20,1,0,0,0
Alpine,5/12/20,1,0,0,0
Alpine,5/13/20,1,0,0,0
Alpine,5/14/20,1,0,0,0
Alpine,5/15/20,1,0,0,0
Alpine,5/16/20,1,0,0,0
Alpine,5/17/20,1,0,0,0
Alpine,5/18/20,1,0,0,0
Alpine,5/19/20,1,0,0,0
Alpine,5/20/20,1,0,0,0
Alpine,5/21/20,1,0,0,0
Alpine,5/22/20,1,0,0,0
Alpine,5/23/20,1,0,0,0
Alpine,5/24/20,1,0,0,0
Alpine,5/25/20,1,0,0,0
Alpine,5/26/20,1,0,0,0
Alpine,5/27/20,1,0,0,0
Alpine,5/28/20,1,0,0,0
Alpine,5/29/20,1,0,0,0
Alpine,5/30/20,1,0,0,0
Amador,4/1/20,1,0,0,0
Amador,4/2/20,2,0,0,0
Amador,4/3/20,2,0,0,0
Amador,4/4/20,2,0,0,0
Amador,4/5/20,2,0,0,0
Amador,4/6/20,2,0,0,0
Amador,4/7/20,2,0,0,0
Amador,4/8/20,2,0,0,0
Amador,4/9/20,2,0,0,0
Amador,4/10/20,5,0,0,0
Amador,4/11/20,6,0,0,0
Amador,4/12/20,6,0,0,0
Amador,4/13/20,6,0,0,0
Amador,4/14/20,6,0,0,0
Amador,4/15/20,7,0,0,0
Amador,4/16/20,7,0,0,0
Amador,4/17/20,7,0,0,0
Amador,4/18/20,7,0,0,0
Amador,4/19/20,7,0,0,0
Amador,4/20/20,7,0,0,0
Amador,4/21/20,7,0,0,0
Amador,4/22/20,7,0,0,0
Amador,4/23/20,8,0,0,0
Amador,4/24/20,8,0,0,0
Amador,4/25/20,8,0,0,0
Amador,4/26/20,8,0,0,0
Amador,4/27/20,8,0,0,0
Amador,4/28/20,8,0,0,0
Amador,4/29/20,8,0,0,0
Amador,4/30/20,8,0,0,0
Amador,5/1/20,8,0,0,0
Amador,5/2/20,8,0,0,0
Amador,5/3/20,8,0,0,0
Amador,5/4/20,8,0,0,0
Amador,5/5/20,8,0,0,0
Amador,5/6/20,8,0,0,0
Amador,5/7/20,8,0,0,0
Amador,5/8/20,8,0,0,0
Amador,5/9/20,8,0,0,0
Amador,5/10/20,8,0,0,0
Amador,5/11/20,8,0,0,0
Amador,5/12/20,8,0,0,0
Amador,5/13/20,8,0,0,0
Amador,5/14/20,8,0,0,0
Amador,5/15/20,8,0,0,0
Amador,5/16/20,8,0,0,0
Amador,5/17/20,8,0,0,0
Amador,5/18/20,8,0,0,0
Amador,5/19/20,9,0,0,0
Amador,5/20/20,9,0,0,0
Amador,5/21/20,9,0,0,0
Amador,5/22/20,9,0,0,0
Amador,5/23/20,9,0,0,0
Amador,5/24/20,9,0,0,0
Amador,5/25/20,10,0,0,0
Amador,5/26/20,10,0,0,0
Amador,5/27/20,10,0,0,0
Amador,5/28/20,10,0,0,0
Amador,5/29/20,10,0,0,0
Amador,5/30/20,10,0,0,0
Butte,4/1/20,6,0,5,2
Butte,4/2/20,7,0,4,2
Butte,4/3/20,8,0,3,2
Butte,4/4/20,10,0,3,1
Butte,4/5/20,10,0,2,1
Butte,4/6/20,11,0,1,1
Butte,4/7/20,11,0,1,1
Butte,4/8/20,11,0,1,1
Butte,4/9/20,12,0,1,1
Butte,4/10/20,13,0,1,1
Butte,4/11/20,13,0,2,1
Butte,4/12/20,13,0,2,2
Butte,4/13/20,13,0,1,1
Butte,4/14/20,13,0,1,1
Butte,4/15/20,14,0,1,0
Butte,4/16/20,15,0,1,0
Butte,4/17/20,15,0,1,0
Butte,4/18/20,15,0,1,0
Butte,4/19/20,15,0,1,0
Butte,4/20/20,15,0,1,0
Butte,4/21/20,15,0,0,0
Butte,4/22/20,15,0,0,0
Butte,4/23/20,15,0,0,0
Butte,4/24/20,15,0,0,0
Butte,4/25/20,16,0,0,0
Butte,4/26/20,16,0,0,0
Butte,4/27/20,16,0,0,0
Butte,4/28/20,16,0,0,0
Butte,4/29/20,16,0,0,0
Butte,4/30/20,16,0,0,0
Butte,5/1/20,17,0,0,0
Butte,5/2/20,17,0,0,0
Butte,5/3/20,17,0,0,0
Butte,5/4/20,16,0,0,0
Butte,5/5/20,19,0,0,0
Butte,5/6/20,19,0,0,0
Butte,5/7/20,19,0,1,0
Butte,5/8/20,18,0,1,0
Butte,5/9/20,18,0,1,0
Butte,5/10/20,18,0,1,0
Butte,5/11/20,19,0,2,0
Butte,5/12/20,20,0,2,0
Butte,5/13/20,21,0,2,0
Butte,5/14/20,22,0,2,0
Butte,5/15/20,22,0,2,1
Butte,5/16/20,22,0,2,1
Butte,5/17/20,23,0,2,1
Butte,5/18/20,24,0,2,1
Butte,5/19/20,25,0,1,1
Butte,5/20/20,30,0,4,2
Butte,5/21/20,31,0,8,2
Butte,5/22/20,34,0,7,2
Butte,5/23/20,34,0,5,2
Butte,5/24/20,35,0,5,2
Butte,5/25/20,37,0,7,3
Butte,5/26/20,37,0,5,3
Butte,5/27/20,40,0,6,3
Butte,5/28/20,40,0,5,3
Butte,5/29/20,41,0,6,2
Butte,5/30/20,44,0,6,2
Calaveras,4/1/20,3,0,0,0
Calaveras,4/2/20,3,0,0,0
Calaveras,4/3/20,3,0,0,0
Calaveras,4/4/20,3,0,0,0
Calaveras,4/5/20,3,0,0,0
Calaveras,4/6/20,4,0,0,0
Calaveras,4/7/20,5,0,0,0
Calaveras,4/8/20,5,0,0,0
Calaveras,4/9/20,5,0,0,0
Calaveras,4/10/20,5,0,0,0
Calaveras,4/11/20,5,0,0,0
Calaveras,4/12/20,5,0,0,0
Calaveras,4/13/20,5,0,0,0
Calaveras,4/14/20,5,0,0,0
Calaveras,4/15/20,9,0,0,0
Calaveras,4/16/20,10,0,0,0
Calaveras,4/17/20,11,0,0,0
Calaveras,4/18/20,12,0,0,0
Calaveras,4/19/20,12,0,0,0
Calaveras,4/20/20,12,0,0,0
Calaveras,4/21/20,12,0,0,0
Calaveras,4/22/20,12,0,0,0
Calaveras,4/23/20,12,0,0,0
Calaveras,4/24/20,12,0,0,0
Calaveras,4/25/20,12,0,0,0
Calaveras,4/26/20,13,0,0,0
Calaveras,4/27/20,13,0,0,0
Calaveras,4/28/20,13,0,0,0
Calaveras,4/29/20,13,0,0,0
Calaveras,4/30/20,13,0,0,0
Calaveras,5/1/20,13,0,0,0
Calaveras,5/2/20,13,0,0,0
Calaveras,5/3/20,13,0,0,0
Calaveras,5/4/20,13,0,0,0
Calaveras,5/5/20,13,0,0,0
Calaveras,5/6/20,13,0,0,0
Calaveras,5/7/20,13,0,0,0
Calaveras,5/8/20,13,0,0,0
Calaveras,5/9/20,13,0,0,0
Calaveras,5/10/20,13,0,0,0
Calaveras,5/11/20,13,0,0,0
Calaveras,5/12/20,13,0,0,0
Calaveras,5/13/20,13,0,0,0
Calaveras,5/14/20,13,0,0,0
Calaveras,5/15/20,13,0,0,0
Calaveras,5/16/20,13,0,0,0
Calaveras,5/17/20,13,0,0,0
Calaveras,5/18/20,13,0,0,0
Calaveras,5/19/20,13,0,0,0
Calaveras,5/20/20,13,0,0,0
Calaveras,5/21/20,13,0,0,0
Calaveras,5/22/20,13,0,0,0
Calaveras,5/23/20,13,0,0,0
Calaveras,5/24/20,13,0,0,0
Calaveras,5/25/20,13,0,0,0
Calaveras,5/26/20,13,0,0,0
Calaveras,5/27/20,15,0,0,0
Calaveras,5/28/20,15,0,1,1
Calaveras,5/29/20,15,0,1,1
Calaveras,5/30/20,15,0,1,1
Colusa,4/1/20,1,0,0,0
Colusa,4/2/20,1,0,0,0
Colusa,4/3/20,1,0,1,1
Colusa,4/4/20,1,0,1,1
Colusa,4/5/20,1,0,1,1
Colusa,4/6/20,1,0,0,0
Colusa,4/7/20,2,0,0,0
Colusa,4/8/20,3,0,0,0
Colusa,4/9/20,3,0,0,0
Colusa,4/10/20,3,0,0,0
Colusa,4/11/20,3,0,0,0
Colusa,4/12/20,3,0,0,0
Colusa,4/13/20,3,0,0,0
Colusa,4/14/20,3,0,0,0
Colusa,4/15/20,3,0,0,0
Colusa,4/16/20,3,0,0,0
Colusa,4/17/20,3,0,0,0
Colusa,4/18/20,3,0,0,0
Colusa,4/19/20,3,0,1,0
Colusa,4/20/20,3,0,1,0
Colusa,4/21/20,3,0,1,1
Colusa,4/22/20,3,0,1,1
Colusa,4/23/20,3,0,1,1
Colusa,4/24/20,3,0,1,1
Colusa,4/25/20,3,0,1,1
Colusa,4/26/20,3,0,1,1
Colusa,4/27/20,3,0,1,1
Colusa,4/28/20,3,0,1,1
Colusa,4/29/20,3,0,1,1
Colusa,4/30/20,3,0,1,1
Colusa,5/1/20,3,0,1,1
Colusa,5/2/20,3,0,1,1
Colusa,5/3/20,3,0,1,1
Colusa,5/4/20,3,0,0,0
Colusa,5/5/20,3,0,0,0
Colusa,5/6/20,3,0,0,0
Colusa,5/7/20,3,0,1,0
Colusa,5/8/20,3,0,1,0
Colusa,5/9/20,3,0,0,0
Colusa,5/10/20,3,0,0,0
Colusa,5/11/20,3,0,0,0
Colusa,5/12/20,3,0,0,0
Colusa,5/13/20,3,0,0,0
Colusa,5/14/20,3,0,0,0
Colusa,5/15/20,3,0,0,0
Colusa,5/16/20,3,0,0,0
Colusa,5/17/20,3,0,0,0
Colusa,5/18/20,3,0,0,0
Colusa,5/19/20,3,0,0,0
Colusa,5/20/20,3,0,0,0
Colusa,5/21/20,4,0,0,0
Colusa,5/22/20,4,0,0,0
Colusa,5/23/20,4,0,0,0
Colusa,5/24/20,4,0,0,0
Colusa,5/25/20,4,0,0,0
Colusa,5/26/20,4,0,0,0
Colusa,5/27/20,5,0,0,0
Colusa,5/28/20,5,0,0,0
Colusa,5/29/20,5,0,0,0
Colusa,5/30/20,5,0,0,0
Contra Costa,4/1/20,267,3,31,12
Contra Costa,4/2/20,297,3,32,13
Contra Costa,4/3/20,327,5,31,15
Contra Costa,4/4/20,382,5,30,12
Contra Costa,4/5/20,415,6,29,15
Contra Costa,4/6/20,447,7,30,15
Contra Costa,4/7/20,471,7,31,17
Contra Costa,4/8/20,481,7,35,18
Contra Costa,4/9/20,505,7,37,18
Contra Costa,4/10/20,537,9,42,17
Contra Costa,4/11/20,550,12,39,15
Contra Costa,4/12/20,553,12,46,16
Contra Costa,4/13/20,581,13,44,16
Contra Costa,4/14/20,617,13,37,15
Contra Costa,4/15/20,645,14,38,16
Contra Costa,4/16/20,675,16,37,14
Contra Costa,4/17/20,687,19,34,13
Contra Costa,4/18/20,721,19,35,13
Contra Costa,4/19/20,731,20,34,14
Contra Costa,4/20/20,753,22,37,13
Contra Costa,4/21/20,766,22,33,13
Contra Costa,4/22/20,772,22,32,13
Contra Costa,4/23/20,786,23,31,13
Contra Costa,4/24/20,806,23,29,12
Contra Costa,4/25/20,821,25,25,10
Contra Costa,4/26/20,830,25,27,9
Contra Costa,4/27/20,843,25,24,10
Contra Costa,4/28/20,866,25,27,11
Contra Costa,4/29/20,885,25,24,9
Contra Costa,4/30/20,900,27,24,9
Contra Costa,5/1/20,915,28,21,8
Contra Costa,5/2/20,929,28,20,9
Contra Costa,5/3/20,945,28,20,8
Contra Costa,5/4/20,949,28,19,7
Contra Costa,5/5/20,976,29,21,8
Contra Costa,5/6/20,990,29,16,7
Contra Costa,5/7/20,1005,29,20,7
Contra Costa,5/8/20,1024,29,21,7
Contra Costa,5/9/20,1039,32,20,8
Contra Costa,5/10/20,1046,31,18,7
Contra Costa,5/11/20,1052,32,16,8
Contra Costa,5/12/20,1067,32,17,7
Contra Costa,5/13/20,1082,33,20,8
Contra Costa,5/14/20,1090,33,20,8
Contra Costa,5/15/20,1106,33,19,9
Contra Costa,5/16/20,1136,33,16,9
Contra Costa,5/17/20,1155,33,16,9
Contra Costa,5/18/20,1173,33,19,9
Contra Costa,5/19/20,1205,33,14,9
Contra Costa,5/20/20,1223,33,9,6
Contra Costa,5/21/20,1243,36,8,6
Contra Costa,5/22/20,1272,36,11,5
Contra Costa,5/23/20,1302,36,14,6
Contra Costa,5/24/20,1325,36,15,6
Contra Costa,5/25/20,1348,37,13,6
Contra Costa,5/26/20,1352,37,13,6
Contra Costa,5/27/20,1373,37,11,7
Contra Costa,5/28/20,1392,37,13,7
Contra Costa,5/29/20,1411,37,15,8
Contra Costa,5/30/20,1429,37,14,7
Del Norte,4/1/20,0,0,0,0
Del Norte,4/2/20,0,0,0,0
Del Norte,4/3/20,1,0,0,0
Del Norte,4/4/20,1,0,0,0
Del Norte,4/5/20,1,0,0,0
Del Norte,4/6/20,2,0,0,0
Del Norte,4/7/20,2,0,0,0
Del Norte,4/8/20,2,0,0,0
Del Norte,4/9/20,2,0,0,0
Del Norte,4/10/20,2,0,0,0
Del Norte,4/11/20,2,0,0,0
Del Norte,4/12/20,2,0,0,0
Del Norte,4/13/20,2,0,0,0
Del Norte,4/14/20,2,0,0,0
Del Norte,4/15/20,2,0,0,0
Del Norte,4/16/20,2,0,0,0
Del Norte,4/17/20,2,0,0,0
Del Norte,4/18/20,2,0,0,0
Del Norte,4/19/20,2,0,0,0
Del Norte,4/20/20,2,0,0,0
Del Norte,4/21/20,2,0,0,0
Del Norte,4/22/20,2,0,0,0
Del Norte,4/23/20,2,0,0,0
Del Norte,4/24/20,2,0,0,0
Del Norte,4/25/20,2,0,0,0
Del Norte,4/26/20,3,0,0,0
Del Norte,4/27/20,3,0,0,0
Del Norte,4/28/20,3,0,0,0
Del Norte,4/29/20,3,0,0,0
Del Norte,4/30/20,3,0,0,0
Del Norte,5/1/20,3,0,0,0
Del Norte,5/2/20,3,0,0,0
Del Norte,5/3/20,3,0,0,0
Del Norte,5/4/20,3,0,0,0
Del Norte,5/5/20,3,0,0,0
Del Norte,5/6/20,3,0,0,0
Del Norte,5/7/20,3,0,0,0
Del Norte,5/8/20,3,0,0,0
Del Norte,5/9/20,3,0,0,0
Del Norte,5/10/20,3,0,0,0
Del Norte,5/11/20,3,0,0,0
Del Norte,5/12/20,3,0,0,0
Del Norte,5/13/20,4,0,0,0
Del Norte,5/14/20,4,0,0,0
Del Norte,5/15/20,4,0,0,0
Del Norte,5/16/20,4,0,0,0
Del Norte,5/17/20,7,0,0,0
Del Norte,5/18/20,8,0,0,0
Del Norte,5/19/20,8,0,0,0
Del Norte,5/20/20,9,0,0,0
Del Norte,5/21/20,9,0,0,0
Del Norte,5/22/20,9,0,0,0
Del Norte,5/23/20,10,0,0,0
Del Norte,5/24/20,16,0,0,0
Del Norte,5/25/20,20,0,0,0
Del Norte,5/26/20,30,0,0,0
Del Norte,5/27/20,34,0,0,0
Del Norte,5/28/20,37,0,0,0
Del Norte,5/29/20,37,0,0,0
Del Norte,5/30/20,37,0,0,0
El Dorado,4/1/20,14,0,14,1
El Dorado,4/2/20,16,0,15,0
El Dorado,4/3/20,16,0,15,0
El Dorado,4/4/20,19,0,15,0
El Dorado,4/5/20,19,0,16,0
El Dorado,4/6/20,23,0,16,0
El Dorado,4/7/20,22,0,16,0
El Dorado,4/8/20,25,0,16,0
El Dorado,4/9/20,25,0,17,0
El Dorado,4/10/20,26,0,17,0
El Dorado,4/11/20,29,0,17,0
El Dorado,4/12/20,28,0,19,0
El Dorado,4/13/20,30,0,19,0
El Dorado,4/14/20,30,0,20,0
El Dorado,4/15/20,33,0,0,0
El Dorado,4/16/20,34,0,0,0
El Dorado,4/17/20,35,0,0,0
El Dorado,4/18/20,36,0,0,0
El Dorado,4/19/20,36,0,0,0
El Dorado,4/20/20,36,0,0,0
El Dorado,4/21/20,36,0,0,0
El Dorado,4/22/20,39,0,0,0
El Dorado,4/23/20,39,0,0,0
El Dorado,4/24/20,41,0,0,0
El Dorado,4/25/20,41,0,1,0
El Dorado,4/26/20,41,0,1,0
El Dorado,4/27/20,43,0,1,0
El Dorado,4/28/20,43,0,1,0
El Dorado,4/29/20,44,0,0,0
El Dorado,4/30/20,44,0,0,0
El Dorado,5/1/20,47,0,0,0
El Dorado,5/2/20,47,0,0,0
El Dorado,5/3/20,49,0,0,0
El Dorado,5/4/20,51,0,0,0
El Dorado,5/5/20,54,0,0,0
El Dorado,5/6/20,53,0,0,0
El Dorado,5/7/20,54,0,0,0
El Dorado,5/8/20,54,0,0,0
El Dorado,5/9/20,54,0,0,0
El Dorado,5/10/20,55,0,0,0
El Dorado,5/11/20,55,0,0,0
El Dorado,5/12/20,56,0,0,0
El Dorado,5/13/20,58,0,0,0
El Dorado,5/14/20,59,0,0,0
El Dorado,5/15/20,64,0,0,0
El Dorado,5/16/20,65,0,1,1
El Dorado,5/17/20,65,0,1,1
El Dorado,5/18/20,67,0,1,1
El Dorado,5/19/20,67,0,0,0
El Dorado,5/20/20,67,0,0,0
El Dorado,5/21/20,67,0,0,1
El Dorado,5/22/20,74,0,0,1
El Dorado,5/23/20,74,0,1,1
El Dorado,5/24/20,76,0,1,1
El Dorado,5/25/20,78,0,1,1
El Dorado,5/26/20,79,0,0,0
El Dorado,5/27/20,82,0,1,1
El Dorado,5/28/20,82,0,1,1
El Dorado,5/29/20,85,0,1,1
El Dorado,5/30/20,86,0,1,1
Fresno,4/1/20,75,0,19,5
Fresno,4/2/20,92,0,17,6
Fresno,4/3/20,98,1,15,7
Fresno,4/4/20,102,1,14,7
Fresno,4/5/20,102,1,16,8
Fresno,4/6/20,122,1,18,11
Fresno,4/7/20,138,3,20,11
Fresno,4/8/20,151,3,22,10
Fresno,4/9/20,165,3,25,10
Fresno,4/10/20,186,4,27,11
Fresno,4/11/20,201,4,28,11
Fresno,4/12/20,205,4,23,11
Fresno,4/13/20,209,5,22,12
Fresno,4/14/20,244,5,24,12
Fresno,4/15/20,264,7,25,12
Fresno,4/16/20,289,7,33,12
Fresno,4/17/20,315,7,31,12
Fresno,4/18/20,319,7,32,13
Fresno,4/19/20,326,7,32,14
Fresno,4/20/20,356,7,35,15
Fresno,4/21/20,372,7,35,15
Fresno,4/22/20,388,7,36,14
Fresno,4/23/20,426,7,39,16
Fresno,4/24/20,449,7,41,19
Fresno,4/25/20,459,7,41,19
Fresno,4/26/20,476,7,37,18
Fresno,4/27/20,504,7,39,17
Fresno,4/28/20,525,7,39,14
Fresno,4/29/20,544,7,38,16
Fresno,4/30/20,562,7,41,15
Fresno,5/1/20,617,8,44,18
Fresno,5/2/20,629,8,45,17
Fresno,5/3/20,646,8,45,18
Fresno,5/4/20,680,9,47,19
Fresno,5/5/20,726,9,49,17
Fresno,5/6/20,773,9,47,17
Fresno,5/7/20,812,9,49,15
Fresno,5/8/20,838,9,50,15
Fresno,5/9/20,861,9,55,16
Fresno,5/10/20,894,9,53,22
Fresno,5/11/20,937,9,56,19
Fresno,5/12/20,978,10,62,19
Fresno,5/13/20,993,13,69,18
Fresno,5/14/20,1038,13,64,17
Fresno,5/15/20,1126,16,59,16
Fresno,5/16/20,1177,16,58,16
Fresno,5/17/20,1213,16,60,18
Fresno,5/18/20,1244,17,61,15
Fresno,5/19/20,1288,17,64,17
Fresno,5/20/20,1329,20,56,14
Fresno,5/21/20,1362,22,61,16
Fresno,5/22/20,1399,22,64,20
Fresno,5/23/20,1447,22,66,21
Fresno,5/24/20,1455,22,66,19
Fresno,5/25/20,1496,22,66,19
Fresno,5/26/20,1496,26,69,20
Fresno,5/27/20,1620,30,71,19
Fresno,5/28/20,1653,32,68,16
Fresno,5/29/20,1687,35,63,17
Fresno,5/30/20,1744,35,70,17
Glenn,4/1/20,2,0,,
Glenn,4/2/20,2,0,0,0
Glenn,4/3/20,2,0,0,0
Glenn,4/4/20,2,0,0,0
Glenn,4/5/20,2,0,0,0
Glenn,4/6/20,2,0,0,0
Glenn,4/7/20,2,0,0,0
Glenn,4/8/20,2,0,0,0
Glenn,4/9/20,2,0,0,0
Glenn,4/10/20,3,0,0,0
Glenn,4/11/20,3,0,0,0
Glenn,4/12/20,3,0,0,0
Glenn,4/13/20,3,0,0,0
Glenn,4/14/20,3,0,0,0
Glenn,4/15/20,3,0,0,0
Glenn,4/16/20,3,0,0,0
Glenn,4/17/20,3,0,0,0
Glenn,4/18/20,3,0,0,0
Glenn,4/19/20,3,0,0,0
Glenn,4/20/20,3,0,0,0
Glenn,4/21/20,3,0,0,0
Glenn,4/22/20,3,0,0,0
Glenn,4/23/20,3,0,0,0
Glenn,4/24/20,4,0,0,0
Glenn,4/25/20,4,0,0,0
Glenn,4/26/20,4,0,0,0
Glenn,4/27/20,4,0,0,0
Glenn,4/28/20,4,0,0,0
Glenn,4/29/20,4,0,0,0
Glenn,4/30/20,4,0,0,0
Glenn,5/1/20,4,0,0,0
Glenn,5/2/20,5,0,0,0
Glenn,5/3/20,5,0,0,0
Glenn,5/4/20,4,0,0,0
Glenn,5/5/20,3,0,0,0
Glenn,5/6/20,3,0,0,0
Glenn,5/7/20,5,0,0,0
Glenn,5/8/20,6,0,0,0
Glenn,5/9/20,6,0,0,0
Glenn,5/10/20,6,0,0,0
Glenn,5/11/20,6,0,0,0
Glenn,5/12/20,6,0,0,0
Glenn,5/13/20,6,0,0,0
Glenn,5/14/20,8,0,0,0
Glenn,5/15/20,9,0,0,0
Glenn,5/16/20,9,0,0,0
Glenn,5/17/20,9,0,0,0
Glenn,5/18/20,11,0,0,0
Glenn,5/19/20,12,0,0,0
Glenn,5/20/20,12,0,0,0
Glenn,5/21/20,12,0,0,0
Glenn,5/22/20,12,0,0,0
Glenn,5/23/20,12,0,0,0
Glenn,5/24/20,12,0,0,0
Glenn,5/25/20,12,0,0,0
Glenn,5/26/20,12,0,0,0
Glenn,5/27/20,14,0,0,0
Glenn,5/28/20,14,0,0,0
Glenn,5/29/20,14,0,0,0
Glenn,5/30/20,16,0,0,0
Humboldt,4/1/20,19,0,1,0
Humboldt,4/2/20,23,0,1,0
Humboldt,4/3/20,34,0,1,0
Humboldt,4/4/20,29,0,1,0
Humboldt,4/5/20,29,0,2,0
Humboldt,4/6/20,37,0,3,0
Humboldt,4/7/20,40,0,2,0
Humboldt,4/8/20,40,0,2,0
Humboldt,4/9/20,36,0,2,0
Humboldt,4/10/20,36,0,2,0
Humboldt,4/11/20,38,0,2,0
Humboldt,4/12/20,43,0,2,0
Humboldt,4/13/20,44,0,2,0
Humboldt,4/14/20,44,0,2,0
Humboldt,4/15/20,47,0,2,0
Humboldt,4/16/20,47,0,1,4
Humboldt,4/17/20,52,0,0,2
Humboldt,4/18/20,52,0,0,0
Humboldt,4/19/20,53,0,0,0
Humboldt,4/20/20,53,0,0,0
Humboldt,4/21/20,53,0,0,0
Humboldt,4/22/20,53,0,0,0
Humboldt,4/23/20,53,0,0,0
Humboldt,4/24/20,53,0,1,0
Humboldt,4/25/20,53,0,0,0
Humboldt,4/26/20,53,0,0,0
Humboldt,4/27/20,52,0,0,0
Humboldt,4/28/20,53,0,0,0
Humboldt,4/29/20,53,0,1,0
Humboldt,4/30/20,54,0,0,0
Humboldt,5/1/20,54,0,0,0
Humboldt,5/2/20,54,0,0,0
Humboldt,5/3/20,54,0,1,0
Humboldt,5/4/20,54,0,1,0
Humboldt,5/5/20,54,0,0,0
Humboldt,5/6/20,54,0,1,0
Humboldt,5/7/20,54,0,1,0
Humboldt,5/8/20,54,0,1,0
Humboldt,5/9/20,55,0,1,0
Humboldt,5/10/20,56,0,2,0
Humboldt,5/11/20,56,0,2,0
Humboldt,5/12/20,58,0,3,0
Humboldt,5/13/20,58,0,4,1
Humboldt,5/14/20,59,0,5,1
Humboldt,5/15/20,60,0,3,1
Humboldt,5/16/20,69,0,3,1
Humboldt,5/17/20,70,0,4,1
Humboldt,5/18/20,70,0,4,1
Humboldt,5/19/20,72,0,4,1
Humboldt,5/20/20,73,0,4,1
Humboldt,5/21/20,79,0,4,1
Humboldt,5/22/20,80,2,4,1
Humboldt,5/23/20,80,2,4,1
Humboldt,5/24/20,81,2,4,1
Humboldt,5/25/20,81,2,6,1
Humboldt,5/26/20,81,2,5,1
Humboldt,5/27/20,86,2,5,1
Humboldt,5/28/20,97,3,5,1
Humboldt,5/29/20,98,3,5,0
Humboldt,5/30/20,98,3,5,0
Imperial,4/1/20,25,0,4,3
Imperial,4/2/20,24,0,4,3
Imperial,4/3/20,35,0,9,7
Imperial,4/4/20,42,1,9,5
Imperial,4/5/20,42,1,9,8
Imperial,4/6/20,47,1,9,7
Imperial,4/7/20,53,2,9,7
Imperial,4/8/20,59,2,16,8
Imperial,4/9/20,67,2,14,7
Imperial,4/10/20,70,3,14,8
Imperial,4/11/20,78,3,14,7
Imperial,4/12/20,78,3,18,8
Imperial,4/13/20,83,3,19,7
Imperial,4/14/20,86,3,19,6
Imperial,4/15/20,115,3,21,7
Imperial,4/16/20,132,3,21,9
Imperial,4/17/20,135,3,19,10
Imperial,4/18/20,137,3,21,9
Imperial,4/19/20,144,3,25,11
Imperial,4/20/20,149,3,25,11
Imperial,4/21/20,165,5,23,12
Imperial,4/22/20,170,6,26,12
Imperial,4/23/20,181,8,23,9
Imperial,4/24/20,232,8,24,8
Imperial,4/25/20,232,8,24,8
Imperial,4/26/20,272,8,26,8
Imperial,4/27/20,290,8,27,11
Imperial,4/28/20,295,8,29,12
Imperial,4/29/20,300,8,29,13
Imperial,4/30/20,322,8,29,13
Imperial,5/1/20,337,9,36,14
Imperial,5/2/20,345,9,36,14
Imperial,5/3/20,351,9,39,13
Imperial,5/4/20,351,9,47,16
Imperial,5/5/20,389,9,57,16
Imperial,5/6/20,399,10,62,19
Imperial,5/7/20,442,11,58,18
Imperial,5/8/20,467,11,66,19
Imperial,5/9/20,474,12,66,19
Imperial,5/10/20,509,12,63,17
Imperial,5/11/20,562,12,60,17
Imperial,5/12/20,602,12,60,18
Imperial,5/13/20,610,14,61,19
Imperial,5/14/20,652,15,62,20
Imperial,5/15/20,680,15,67,20
Imperial,5/16/20,712,15,60,18
Imperial,5/17/20,715,15,68,18
Imperial,5/18/20,767,15,73,17
Imperial,5/19/20,1012,18,74,19
Imperial,5/20/20,1047,18,80,22
Imperial,5/21/20,1096,21,75,22
Imperial,5/22/20,1214,21,75,23
Imperial,5/23/20,1283,23,75,23
Imperial,5/24/20,1369,23,77,23
Imperial,5/25/20,1369,23,69,23
Imperial,5/26/20,1369,23,69,22
Imperial,5/27/20,1369,24,67,14
Imperial,5/28/20,1430,26,61,19
Imperial,5/29/20,1607,26,60,17
Imperial,5/30/20,2091,27,73,22
Inyo,4/1/20,8,0,7,0
Inyo,4/2/20,8,0,8,0
Inyo,4/3/20,10,0,8,1
Inyo,4/4/20,10,0,8,1
Inyo,4/5/20,10,0,9,1
Inyo,4/6/20,11,0,9,1
Inyo,4/7/20,11,0,9,1
Inyo,4/8/20,11,0,9,1
Inyo,4/9/20,11,0,9,1
Inyo,4/10/20,11,0,9,1
Inyo,4/11/20,12,0,10,1
Inyo,4/12/20,12,0,10,1
Inyo,4/13/20,12,0,10,1
Inyo,4/14/20,12,0,10,0
Inyo,4/15/20,12,0,15,0
Inyo,4/16/20,17,0,0,0
Inyo,4/17/20,17,0,0,0
Inyo,4/18/20,17,0,1,1
Inyo,4/19/20,17,0,1,1
Inyo,4/20/20,17,0,1,1
Inyo,4/21/20,18,0,1,1
Inyo,4/22/20,18,0,1,1
Inyo,4/23/20,19,0,1,1
Inyo,4/24/20,20,1,1,1
Inyo,4/25/20,20,1,0,0
Inyo,4/26/20,20,1,0,0
Inyo,4/27/20,20,1,0,0
Inyo,4/28/20,20,1,0,0
Inyo,4/29/20,20,1,0,0
Inyo,4/30/20,20,1,0,0
Inyo,5/1/20,20,1,0,0
Inyo,5/2/20,20,1,0,0
Inyo,5/3/20,20,1,0,0
Inyo,5/4/20,20,1,0,0
Inyo,5/5/20,20,1,0,0
Inyo,5/6/20,20,1,0,0
Inyo,5/7/20,20,1,0,0
Inyo,5/8/20,20,1,1,0
Inyo,5/9/20,20,1,0,0
Inyo,5/10/20,20,1,0,0
Inyo,5/11/20,20,1,1,0
Inyo,5/12/20,20,1,0,0
Inyo,5/13/20,20,1,0,0
Inyo,5/14/20,20,1,0,0
Inyo,5/15/20,20,1,0,0
Inyo,5/16/20,20,1,0,0
Inyo,5/17/20,20,1,0,0
Inyo,5/18/20,20,1,0,0
Inyo,5/19/20,20,1,0,0
Inyo,5/20/20,20,1,0,0
Inyo,5/21/20,20,1,0,0
Inyo,5/22/20,20,1,0,0
Inyo,5/23/20,20,1,0,0
Inyo,5/24/20,20,1,0,0
Inyo,5/25/20,20,1,0,0
Inyo,5/26/20,20,1,0,0
Inyo,5/27/20,20,1,0,0
Inyo,5/28/20,20,1,0,0
Inyo,5/29/20,20,1,0,0
Inyo,5/30/20,20,1,0,0
Kern,4/1/20,53,0,15,7
Kern,4/2/20,74,0,27,12
Kern,4/3/20,87,1,35,12
Kern,4/4/20,103,2,33,14
Kern,4/5/20,109,2,23,12
Kern,4/6/20,117,2,24,12
Kern,4/7/20,134,2,28,14
Kern,4/8/20,198,2,31,16
Kern,4/9/20,241,2,27,16
Kern,4/10/20,272,3,33,15
Kern,4/11/20,304,3,32,17
Kern,4/12/20,319,3,31,18
Kern,4/13/20,379,3,39,18
Kern,4/14/20,453,3,35,17
Kern,4/15/20,500,3,40,16
Kern,4/16/20,587,3,41,17
Kern,4/17/20,612,3,36,18
Kern,4/18/20,626,3,33,18
Kern,4/19/20,629,3,34,18
Kern,4/20/20,651,3,34,13
Kern,4/21/20,676,4,31,13
Kern,4/22/20,713,4,32,14
Kern,4/23/20,732,4,30,16
Kern,4/24/20,770,4,30,16
Kern,4/25/20,802,4,29,22
Kern,4/26/20,831,5,29,23
Kern,4/27/20,865,5,31,23
Kern,4/28/20,882,5,32,22
Kern,4/29/20,910,6,36,23
Kern,4/30/20,941,8,29,20
Kern,5/1/20,972,8,35,19
Kern,5/2/20,1007,8,36,19
Kern,5/3/20,1025,8,30,16
Kern,5/4/20,1047,10,36,21
Kern,5/5/20,1084,11,32,20
Kern,5/6/20,1112,14,34,18
Kern,5/7/20,1176,15,33,19
Kern,5/8/20,1214,16,32,22
Kern,5/9/20,1262,16,36,25
Kern,5/10/20,1300,16,37,27
Kern,5/11/20,1331,16,39,27
Kern,5/12/20,1363,21,38,28
Kern,5/13/20,1390,22,34,26
Kern,5/14/20,1430,25,39,23
Kern,5/15/20,1472,25,40,18
Kern,5/16/20,1509,25,36,18
Kern,5/17/20,1546,26,36,17
Kern,5/18/20,1566,26,36,18
Kern,5/19/20,1601,26,42,20
Kern,5/20/20,1639,27,48,21
Kern,5/21/20,1684,28,44,20
Kern,5/22/20,1749,30,45,20
Kern,5/23/20,1806,31,48,22
Kern,5/24/20,1861,31,53,23
Kern,5/25/20,1890,31,51,25
Kern,5/26/20,1890,35,59,24
Kern,5/27/20,1999,36,63,28
Kern,5/28/20,2069,37,58,25
Kern,5/29/20,2128,37,54,28
Kern,5/30/20,2217,38,55,29
Kings,4/1/20,3,0,2,1
Kings,4/2/20,3,0,2,1
Kings,4/3/20,3,0,0,1
Kings,4/4/20,3,0,1,1
Kings,4/5/20,4,0,3,2
Kings,4/6/20,3,0,3,2
Kings,4/7/20,5,0,3,2
Kings,4/8/20,5,0,2,1
Kings,4/9/20,5,0,6,3
Kings,4/10/20,7,0,8,3
Kings,4/11/20,9,0,10,4
Kings,4/12/20,9,0,8,3
Kings,4/13/20,10,0,0,0
Kings,4/14/20,12,0,8,2
Kings,4/15/20,12,1,8,2
Kings,4/16/20,12,1,8,2
Kings,4/17/20,15,1,7,2
Kings,4/18/20,17,1,8,2
Kings,4/19/20,17,1,8,3
Kings,4/20/20,19,1,8,3
Kings,4/21/20,28,1,8,3
Kings,4/22/20,28,1,9,3
Kings,4/23/20,28,1,9,3
Kings,4/24/20,30,1,9,2
Kings,4/25/20,33,1,6,2
Kings,4/26/20,33,1,9,2
Kings,4/27/20,48,1,9,2
Kings,4/28/20,57,1,9,2
Kings,4/29/20,80,1,9,2
Kings,4/30/20,87,1,10,2
Kings,5/1/20,112,1,11,2
Kings,5/2/20,120,1,9,2
Kings,5/3/20,137,1,9,2
Kings,5/4/20,153,1,9,2
Kings,5/5/20,187,1,12,2
Kings,5/6/20,208,1,13,2
Kings,5/7/20,219,1,14,3
Kings,5/8/20,236,1,14,3
Kings,5/9/20,264,1,12,4
Kings,5/10/20,266,1,12,4
Kings,5/11/20,289,1,13,4
Kings,5/12/20,302,1,16,4
Kings,5/13/20,314,1,16,4
Kings,5/14/20,342,1,16,4
Kings,5/15/20,347,1,20,3
Kings,5/16/20,356,2,20,2
Kings,5/17/20,356,2,21,4
Kings,5/18/20,381,2,21,5
Kings,5/19/20,393,2,23,5
Kings,5/20/20,403,2,22,5
Kings,5/21/20,417,2,21,5
Kings,5/22/20,428,2,23,7
Kings,5/23/20,444,2,25,7
Kings,5/24/20,446,2,25,8
Kings,5/25/20,447,2,26,8
Kings,5/26/20,449,2,24,8
Kings,5/27/20,586,3,23,7
Kings,5/28/20,626,3,25,7
Kings,5/29/20,693,3,27,7
Kings,5/30/20,703,3,27,9
Lake,4/1/20,0,0,0,0
Lake,4/2/20,0,0,0,0
Lake,4/3/20,0,0,0,0
Lake,4/4/20,0,0,0,0
Lake,4/5/20,0,0,0,0
Lake,4/6/20,1,0,0,0
Lake,4/7/20,1,0,0,0
Lake,4/8/20,1,0,0,0
Lake,4/9/20,1,0,0,0
Lake,4/10/20,3,0,0,0
Lake,4/11/20,3,0,0,0
Lake,4/12/20,3,0,0,0
Lake,4/13/20,3,0,0,0
Lake,4/14/20,3,0,0,0
Lake,4/15/20,4,0,3,0
Lake,4/16/20,6,0,1,0
Lake,4/17/20,6,0,0,0
Lake,4/18/20,6,0,0,0
Lake,4/19/20,6,0,0,0
Lake,4/20/20,6,0,0,0
Lake,4/21/20,6,0,0,0
Lake,4/22/20,6,0,0,0
Lake,4/23/20,6,0,0,0
Lake,4/24/20,6,0,0,0
Lake,4/25/20,6,0,0,0
Lake,4/26/20,6,0,0,0
Lake,4/27/20,6,0,0,0
Lake,4/28/20,6,0,0,0
Lake,4/29/20,6,0,0,0
Lake,4/30/20,6,0,0,0
Lake,5/1/20,6,0,0,0
Lake,5/2/20,7,0,0,0
Lake,5/3/20,7,0,0,0
Lake,5/4/20,7,0,0,0
Lake,5/5/20,7,0,0,0
Lake,5/6/20,7,0,0,0
Lake,5/7/20,7,0,0,0
Lake,5/8/20,7,0,0,0
Lake,5/9/20,7,0,0,0
Lake,5/10/20,7,0,0,0
Lake,5/11/20,7,0,0,0
Lake,5/12/20,7,0,0,0
Lake,5/13/20,7,0,0,0
Lake,5/14/20,7,0,0,0
Lake,5/15/20,7,0,0,0
Lake,5/16/20,7,0,0,0
Lake,5/17/20,7,0,0,0
Lake,5/18/20,9,0,0,0
Lake,5/19/20,11,0,0,0
Lake,5/20/20,9,0,0,0
Lake,5/21/20,10,0,0,0
Lake,5/22/20,10,0,0,0
Lake,5/23/20,10,0,0,0
Lake,5/24/20,12,0,0,0
Lake,5/25/20,13,0,0,0
Lake,5/26/20,12,0,0,0
Lake,5/27/20,13,0,0,0
Lake,5/28/20,17,0,0,0
Lake,5/29/20,17,0,0,0
Lake,5/30/20,18,0,0,0
Lassen,4/1/20,0,0,0,0
Lassen,4/2/20,0,0,0,0
Lassen,4/3/20,0,0,0,0
Lassen,4/4/20,0,0,0,0
Lassen,4/5/20,0,0,0,0
Lassen,4/6/20,0,0,0,0
Lassen,4/7/20,0,0,0,0
Lassen,4/8/20,0,0,0,0
Lassen,4/9/20,0,0,0,0
Lassen,4/10/20,0,0,0,0
Lassen,4/11/20,0,0,0,0
Lassen,4/12/20,0,0,0,0
Lassen,4/13/20,0,0,0,0
Lassen,4/14/20,0,0,0,0
Lassen,4/15/20,0,0,0,0
Lassen,4/16/20,0,0,0,0
Lassen,4/17/20,0,0,0,0
Lassen,4/18/20,0,0,0,0
Lassen,4/19/20,0,0,0,0
Lassen,4/20/20,0,0,0,0
Lassen,4/21/20,0,0,0,0
Lassen,4/22/20,0,0,0,0
Lassen,4/23/20,0,0,0,0
Lassen,4/24/20,0,0,0,0
Lassen,4/25/20,0,0,0,0
Lassen,4/26/20,0,0,0,0
Lassen,4/27/20,0,0,0,0
Lassen,4/28/20,0,0,0,0
Lassen,4/29/20,0,0,0,0
Lassen,4/30/20,0,0,0,0
Lassen,5/1/20,0,0,0,0
Lassen,5/2/20,0,0,0,0
Lassen,5/3/20,0,0,0,0
Lassen,5/4/20,0,0,0,0
Lassen,5/5/20,0,0,0,0
Lassen,5/6/20,0,0,0,0
Lassen,5/7/20,0,0,0,0
Lassen,5/8/20,0,0,0,0
Lassen,5/9/20,0,0,0,0
Lassen,5/10/20,0,0,0,0
Lassen,5/11/20,0,0,0,0
Lassen,5/12/20,0,0,0,0
Lassen,5/13/20,0,0,0,0
Lassen,5/14/20,0,0,0,0
Lassen,5/15/20,0,0,0,0
Lassen,5/16/20,0,0,0,0
Lassen,5/17/20,0,0,0,0
Lassen,5/18/20,0,0,0,0
Lassen,5/19/20,0,0,0,0
Lassen,5/20/20,0,0,0,0
Lassen,5/21/20,0,0,0,0
Lassen,5/22/20,0,0,0,0
Lassen,5/23/20,0,0,0,0
Lassen,5/24/20,0,0,0,0
Lassen,5/25/20,0,0,0,0
Lassen,5/26/20,0,0,0,0
Lassen,5/27/20,0,0,0,0
Lassen,5/28/20,0,0,0,0
Lassen,5/29/20,0,0,0,0
Lassen,5/30/20,4,0,0,0
Los Angeles,4/1/20,3502,66,739,335
Los Angeles,4/2/20,4040,79,818,346
Los Angeles,4/3/20,4566,91,962,422
Los Angeles,4/4/20,5275,117,1007,449
Los Angeles,4/5/20,5892,130,1094,473
Los Angeles,4/6/20,6346,145,1166,486
Los Angeles,4/7/20,6885,170,1251,517
Los Angeles,4/8/20,7505,196,1331,532
Los Angeles,4/9/20,7919,220,1368,541
Los Angeles,4/10/20,8384,241,1299,514
Los Angeles,4/11/20,8823,265,1362,555
Los Angeles,4/12/20,9133,296,1433,559
Los Angeles,4/13/20,9367,320,1501,570
Los Angeles,4/14/20,9948,360,1587,588
Los Angeles,4/15/20,10416,402,1624,600
Los Angeles,4/16/20,10786,455,1679,594
Los Angeles,4/17/20,11354,495,1720,594
Los Angeles,4/18/20,11984,576,1709,586
Los Angeles,4/19/20,12299,600,1739,595
Los Angeles,4/20/20,13787,617,1791,625
Los Angeles,4/21/20,15096,663,1854,613
Los Angeles,4/22/20,16400,729,1858,602
Los Angeles,4/23/20,17548,797,1863,600
Los Angeles,4/24/20,18553,848,1860,600
Los Angeles,4/25/20,19144,895,1845,579
Los Angeles,4/26/20,19570,913,1887,588
Los Angeles,4/27/20,20456,942,1940,592
Los Angeles,4/28/20,21029,1000,1962,597
Los Angeles,4/29/20,22560,1056,1959,602
Los Angeles,4/30/20,23284,1111,1894,591
Los Angeles,5/1/20,24306,1172,1884,606
Los Angeles,5/2/20,24955,1209,1819,599
Los Angeles,5/3/20,25708,1229,1779,599
Los Angeles,5/4/20,26243,1256,1828,581
Los Angeles,5/5/20,27867,1313,1826,571
Los Angeles,5/6/20,28687,1367,1790,558
Los Angeles,5/7/20,29544,1418,1771,548
Los Angeles,5/8/20,30357,1468,1766,535
Los Angeles,5/9/20,31268,1512,1690,493
Los Angeles,5/10/20,31711,1530,1731,498
Los Angeles,5/11/20,32279,1569,1763,498
Los Angeles,5/12/20,33281,1613,1742,499
Los Angeles,5/13/20,34574,1659,1733,504
Los Angeles,5/14/20,35427,1709,1648,480
Los Angeles,5/15/20,36317,1755,1648,481
Los Angeles,5/16/20,37352,1793,1570,483
Los Angeles,5/17/20,37996,1821,1549,478
Los Angeles,5/18/20,38477,1839,1531,483
Los Angeles,5/19/20,39670,1913,1517,466
Los Angeles,5/20/20,40932,1970,1506,452
Los Angeles,5/21/20,42063,2016,1491,461
Los Angeles,5/22/20,43025,2049,1490,470
Los Angeles,5/23/20,44029,2090,1440,462
Los Angeles,5/24/20,44954,2104,1443,448
Los Angeles,5/25/20,45952,2116,1477,465
Los Angeles,5/26/20,47760,2143,1477,464
Los Angeles,5/27/20,48711,2195,1462,464
Los Angeles,5/28/20,49861,2241,1415,458
Los Angeles,5/29/20,51578,2290,1402,446
Los Angeles,5/30/20,53627,2338,1357,440
Madera,4/1/20,17,1,1,1
Madera,4/2/20,25,1,1,1
Madera,4/3/20,28,2,0,0
Madera,4/4/20,27,2,0,0
Madera,4/5/20,27,2,0,0
Madera,4/6/20,29,2,0,0
Madera,4/7/20,28,2,0,0
Madera,4/8/20,28,2,0,0
Madera,4/9/20,28,2,0,0
Madera,4/10/20,29,2,0,0
Madera,4/11/20,29,2,0,0
Madera,4/12/20,29,2,0,0
Madera,4/13/20,29,2,0,0
Madera,4/14/20,29,2,0,0
Madera,4/15/20,30,2,1,0
Madera,4/16/20,34,2,0,0
Madera,4/17/20,34,2,0,0
Madera,4/18/20,34,2,0,0
Madera,4/19/20,34,2,0,0
Madera,4/20/20,35,2,0,0
Madera,4/21/20,37,2,0,0
Madera,4/22/20,37,2,0,0
Madera,4/23/20,37,2,0,0
Madera,4/24/20,39,2,0,0
Madera,4/25/20,39,2,0,0
Madera,4/26/20,39,2,0,0
Madera,4/27/20,42,2,0,0
Madera,4/28/20,44,2,0,0
Madera,4/29/20,45,2,0,0
Madera,4/30/20,46,2,0,0
Madera,5/1/20,46,2,0,0
Madera,5/2/20,46,2,0,0
Madera,5/3/20,46,2,0,0
Madera,5/4/20,52,2,1,0
Madera,5/5/20,53,2,0,0
Madera,5/6/20,55,2,0,0
Madera,5/7/20,54,2,1,0
Madera,5/8/20,57,2,1,0
Madera,5/9/20,61,2,1,0
Madera,5/10/20,65,2,1,0
Madera,5/11/20,68,2,1,0
Madera,5/12/20,69,2,0,0
Madera,5/13/20,69,2,0,0
Madera,5/14/20,69,2,0,0
Madera,5/15/20,71,2,1,0
Madera,5/16/20,70,2,0,0
Madera,5/17/20,69,2,0,0
Madera,5/18/20,74,2,0,0
Madera,5/19/20,80,2,0,0
Madera,5/20/20,82,2,0,0
Madera,5/21/20,82,2,0,0
Madera,5/22/20,82,2,1,0
Madera,5/23/20,83,2,0,0
Madera,5/24/20,83,2,0,0
Madera,5/25/20,83,2,1,0
Madera,5/26/20,83,2,1,0
Madera,5/27/20,91,2,2,0
Madera,5/28/20,93,2,1,0
Madera,5/29/20,98,2,0,0
Madera,5/30/20,101,2,1,0
Marin,4/1/20,87,1,9,4
Marin,4/2/20,102,1,7,3
Marin,4/3/20,106,6,6,3
Marin,4/4/20,111,6,5,3
Marin,4/5/20,113,6,5,3
Marin,4/6/20,119,7,8,4
Marin,4/7/20,122,7,6,4
Marin,4/8/20,125,7,5,4
Marin,4/9/20,126,7,5,2
Marin,4/10/20,128,10,6,1
Marin,4/11/20,136,10,2,1
Marin,4/12/20,138,10,2,1
Marin,4/13/20,144,10,2,2
Marin,4/14/20,147,10,2,2
Marin,4/15/20,162,10,4,2
Marin,4/16/20,170,10,5,2
Marin,4/17/20,189,10,4,2
Marin,4/18/20,193,10,3,1
Marin,4/19/20,194,10,3,1
Marin,4/20/20,200,10,6,2
Marin,4/21/20,202,10,5,2
Marin,4/22/20,202,11,5,2
Marin,4/23/20,209,11,3,2
Marin,4/24/20,211,11,2,2
Marin,4/25/20,215,12,2,2
Marin,4/26/20,225,12,3,2
Marin,4/27/20,227,12,2,1
Marin,4/28/20,228,12,1,1
Marin,4/29/20,234,13,0,0
Marin,4/30/20,240,13,0,0
Marin,5/1/20,242,13,0,0
Marin,5/2/20,243,13,0,0
Marin,5/3/20,243,13,0,0
Marin,5/4/20,244,13,1,0
Marin,5/5/20,244,14,1,0
Marin,5/6/20,244,14,3,2
Marin,5/7/20,252,14,3,2
Marin,5/8/20,257,14,3,2
Marin,5/9/20,261,14,4,2
Marin,5/10/20,267,14,4,2
Marin,5/11/20,271,14,3,0
Marin,5/12/20,274,14,3,0
Marin,5/13/20,278,14,3,0
Marin,5/14/20,283,14,3,0
Marin,5/15/20,295,14,2,0
Marin,5/16/20,297,14,1,0
Marin,5/17/20,315,14,1,0
Marin,5/18/20,329,14,4,0
Marin,5/19/20,340,14,4,0
Marin,5/20/20,348,14,4,0
Marin,5/21/20,359,14,4,0
Marin,5/22/20,372,14,3,1
Marin,5/23/20,393,14,2,1
Marin,5/24/20,401,14,2,1
Marin,5/25/20,415,14,3,1
Marin,5/26/20,424,14,2,1
Marin,5/27/20,439,14,1,1
Marin,5/28/20,443,14,3,1
Marin,5/29/20,448,14,4,1
Marin,5/30/20,462,14,3,1
Mariposa,4/1/20,0,0,0,0
Mariposa,4/2/20,0,0,0,0
Mariposa,4/3/20,0,0,0,0
Mariposa,4/4/20,0,0,0,0
Mariposa,4/5/20,0,0,0,0
Mariposa,4/6/20,0,0,0,0
Mariposa,4/7/20,0,0,0,0
Mariposa,4/8/20,0,0,0,0
Mariposa,4/9/20,0,0,0,0
Mariposa,4/10/20,0,0,0,0
Mariposa,4/11/20,0,0,0,0
Mariposa,4/12/20,0,0,0,0
Mariposa,4/13/20,0,0,0,0
Mariposa,4/14/20,0,0,0,0
Mariposa,4/15/20,0,0,0,0
Mariposa,4/16/20,1,0,0,0
Mariposa,4/17/20,0,0,0,0
Mariposa,4/18/20,0,0,0,0
Mariposa,4/19/20,0,0,0,0
Mariposa,4/20/20,0,0,0,0
Mariposa,4/21/20,0,0,0,0
Mariposa,4/22/20,0,0,0,0
Mariposa,4/23/20,0,0,0,0
Mariposa,4/24/20,0,0,0,0
Mariposa,4/25/20,0,0,0,0
Mariposa,4/26/20,0,0,0,0
Mariposa,4/27/20,0,0,0,0
Mariposa,4/28/20,0,0,0,0
Mariposa,4/29/20,1,0,0,0
Mariposa,4/30/20,3,0,0,0
Mariposa,5/1/20,10,0,0,0
Mariposa,5/2/20,13,0,0,0
Mariposa,5/3/20,13,0,0,0
Mariposa,5/4/20,13,0,0,0
Mariposa,5/5/20,14,0,0,0
Mariposa,5/6/20,14,0,0,0
Mariposa,5/7/20,15,0,0,0
Mariposa,5/8/20,15,0,0,0
Mariposa,5/9/20,15,0,0,0
Mariposa,5/10/20,15,0,0,0
Mariposa,5/11/20,15,0,0,0
Mariposa,5/12/20,15,0,0,0
Mariposa,5/13/20,15,0,0,0
Mariposa,5/14/20,15,0,0,0
Mariposa,5/15/20,15,0,0,0
Mariposa,5/16/20,15,1,0,0
Mariposa,5/17/20,15,1,0,0
Mariposa,5/18/20,15,1,0,0
Mariposa,5/19/20,15,1,0,0
Mariposa,5/20/20,15,1,0,0
Mariposa,5/21/20,15,1,0,0
Mariposa,5/22/20,15,1,0,0
Mariposa,5/23/20,15,1,0,0
Mariposa,5/24/20,15,1,0,0
Mariposa,5/25/20,15,1,0,0
Mariposa,5/26/20,16,1,0,0
Mariposa,5/27/20,16,1,0,0
Mariposa,5/28/20,16,1,0,0
Mariposa,5/29/20,16,1,0,0
Mariposa,5/30/20,16,1,0,0
Mendocino,4/1/20,4,0,0,0
Mendocino,4/2/20,4,0,0,0
Mendocino,4/3/20,4,0,0,0
Mendocino,4/4/20,4,0,0,0
Mendocino,4/5/20,4,0,0,0
Mendocino,4/6/20,4,0,0,0
Mendocino,4/7/20,4,0,0,0
Mendocino,4/8/20,4,0,0,0
Mendocino,4/9/20,4,0,0,0
Mendocino,4/10/20,4,0,0,0
Mendocino,4/11/20,4,0,0,0
Mendocino,4/12/20,4,0,0,0
Mendocino,4/13/20,4,0,7,3
Mendocino,4/14/20,4,0,0,0
Mendocino,4/15/20,4,0,0,0
Mendocino,4/16/20,4,0,0,0
Mendocino,4/17/20,4,0,0,0
Mendocino,4/18/20,4,0,0,0
Mendocino,4/19/20,4,0,0,0
Mendocino,4/20/20,5,0,0,0
Mendocino,4/21/20,5,0,0,0
Mendocino,4/22/20,5,0,0,0
Mendocino,4/23/20,5,0,0,0
Mendocino,4/24/20,5,0,0,0
Mendocino,4/25/20,5,0,0,0
Mendocino,4/26/20,5,0,0,0
Mendocino,4/27/20,10,0,0,0
Mendocino,4/28/20,10,0,0,0
Mendocino,4/29/20,11,0,0,0
Mendocino,4/30/20,11,0,0,0
Mendocino,5/1/20,11,0,0,0
Mendocino,5/2/20,10,0,0,0
Mendocino,5/3/20,10,0,0,0
Mendocino,5/4/20,10,0,0,0
Mendocino,5/5/20,10,0,0,0
Mendocino,5/6/20,10,0,0,0
Mendocino,5/7/20,10,0,0,0
Mendocino,5/8/20,10,0,0,0
Mendocino,5/9/20,10,0,0,0
Mendocino,5/10/20,10,0,0,0
Mendocino,5/11/20,10,0,0,0
Mendocino,5/12/20,10,0,0,0
Mendocino,5/13/20,10,0,0,0
Mendocino,5/14/20,10,0,0,0
Mendocino,5/15/20,10,0,0,0
Mendocino,5/16/20,10,0,0,0
Mendocino,5/17/20,10,0,1,1
Mendocino,5/18/20,12,0,1,1
Mendocino,5/19/20,12,0,1,1
Mendocino,5/20/20,12,0,1,1
Mendocino,5/21/20,12,0,1,1
Mendocino,5/22/20,13,0,1,1
Mendocino,5/23/20,13,0,3,0
Mendocino,5/24/20,19,0,3,0
Mendocino,5/25/20,19,0,2,1
Mendocino,5/26/20,20,0,3,1
Mendocino,5/27/20,21,0,3,1
Mendocino,5/28/20,24,0,3,1
Mendocino,5/29/20,25,0,2,1
Mendocino,5/30/20,24,0,2,1
Merced,4/1/20,7,0,3,0
Merced,4/2/20,9,0,4,0
Merced,4/3/20,9,0,4,1
Merced,4/4/20,11,0,5,1
Merced,4/5/20,16,0,15,1
Merced,4/6/20,25,1,4,0
Merced,4/7/20,27,1,3,0
Merced,4/8/20,35,1,1,0
Merced,4/9/20,41,3,1,0
Merced,4/10/20,56,3,0,0
Merced,4/11/20,59,3,0,0
Merced,4/12/20,58,3,0,0
Merced,4/13/20,60,3,0,0
Merced,4/14/20,61,3,0,0
Merced,4/15/20,74,3,0,0
Merced,4/16/20,76,3,1,0
Merced,4/17/20,80,3,0,0
Merced,4/18/20,82,3,0,0
Merced,4/19/20,85,3,0,0
Merced,4/20/20,88,3,0,0
Merced,4/21/20,89,3,0,0
Merced,4/22/20,92,3,3,0
Merced,4/23/20,98,3,0,0
Merced,4/24/20,102,3,0,0
Merced,4/25/20,103,3,0,0
Merced,4/26/20,104,3,0,0
Merced,4/27/20,108,3,1,0
Merced,4/28/20,108,3,2,1
Merced,4/29/20,116,3,2,1
Merced,4/30/20,122,3,3,1
Merced,5/1/20,131,3,4,1
Merced,5/2/20,131,3,4,2
Merced,5/3/20,134,3,6,4
Merced,5/4/20,138,3,6,4
Merced,5/5/20,141,3,5,4
Merced,5/6/20,140,3,6,4
Merced,5/7/20,146,3,5,4
Merced,5/8/20,151,3,7,5
Merced,5/9/20,153,3,5,4
Merced,5/10/20,154,3,6,4
Merced,5/11/20,158,3,7,4
Merced,5/12/20,175,4,6,4
Merced,5/13/20,176,4,8,4
Merced,5/14/20,182,4,8,5
Merced,5/15/20,191,6,6,4
Merced,5/16/20,201,6,6,5
Merced,5/17/20,214,6,6,5
Merced,5/18/20,217,6,6,5
Merced,5/19/20,222,6,7,4
Merced,5/20/20,225,6,8,4
Merced,5/21/20,226,6,6,4
Merced,5/22/20,233,6,6,4
Merced,5/23/20,247,6,7,5
Merced,5/24/20,258,6,7,5
Merced,5/25/20,262,6,6,4
Merced,5/26/20,266,7,6,4
Merced,5/27/20,278,7,6,4
Merced,5/28/20,283,7,6,4
Merced,5/29/20,285,7,6,4
Merced,5/30/20,285,7,7,3
Modoc,4/1/20,,,0,0
Modoc,4/3/20,0,0,0,0
Modoc,4/4/20,0,0,0,0
Modoc,4/5/20,0,0,0,0
Modoc,4/6/20,0,0,0,0
Modoc,4/7/20,0,0,0,0
Modoc,4/8/20,0,0,0,0
Modoc,4/9/20,0,0,0,0
Modoc,4/10/20,0,0,0,0
Modoc,4/11/20,0,0,0,0
Modoc,4/12/20,0,0,0,0
Modoc,4/13/20,0,0,0,0
Modoc,4/14/20,0,0,0,0
Modoc,4/15/20,0,0,0,0
Modoc,4/16/20,0,0,0,0
Modoc,4/17/20,0,0,0,0
Modoc,4/18/20,0,0,0,0
Modoc,4/19/20,0,0,0,0
Modoc,4/20/20,0,0,0,0
Modoc,4/21/20,0,0,0,0
Modoc,4/22/20,0,0,0,0
Modoc,4/23/20,0,0,0,0
Modoc,4/24/20,0,0,0,0
Modoc,4/25/20,0,0,0,0
Modoc,4/26/20,0,0,0,0
Modoc,4/27/20,0,0,0,0
Modoc,4/28/20,0,0,0,0
Modoc,4/29/20,0,0,0,0
Modoc,4/30/20,0,0,0,0
Modoc,5/1/20,0,0,0,0
Modoc,5/2/20,0,0,0,0
Modoc,5/3/20,0,0,0,0
Modoc,5/4/20,0,0,0,0
Modoc,5/5/20,0,0,0,0
Modoc,5/6/20,0,0,0,0
Modoc,5/7/20,0,0,0,0
Modoc,5/8/20,0,0,0,0
Modoc,5/9/20,0,0,0,0
Modoc,5/10/20,0,0,0,0
Modoc,5/11/20,0,0,0,0
Modoc,5/12/20,0,0,0,0
Modoc,5/13/20,0,0,0,0
Modoc,5/14/20,0,0,0,0
Modoc,5/15/20,0,0,0,0
Modoc,5/16/20,0,0,0,0
Modoc,5/17/20,0,0,1,0
Modoc,5/18/20,0,0,0,0
Modoc,5/19/20,0,0,0,0
Modoc,5/20/20,0,0,0,0
Modoc,5/21/20,0,0,0,0
Modoc,5/22/20,0,0,0,0
Modoc,5/23/20,0,0,0,0
Modoc,5/24/20,0,0,0,0
Modoc,5/25/20,1,0,0,0
Modoc,5/26/20,1,0,0,0
Modoc,5/27/20,0,0,0,0
Modoc,5/28/20,0,0,0,0
Modoc,5/29/20,0,0,0,0
Modoc,5/30/20,0,0,0,0
Mono,4/1/20,12,1,0,0
Mono,4/2/20,16,1,18,0
Mono,4/3/20,18,1,18,0
Mono,4/4/20,18,1,20,0
Mono,4/5/20,18,1,20,0
Mono,4/6/20,18,1,20,0
Mono,4/7/20,18,1,20,0
Mono,4/8/20,19,1,19,0
Mono,4/9/20,19,1,18,0
Mono,4/10/20,20,1,0,0
Mono,4/11/20,20,1,0,0
Mono,4/12/20,20,1,0,0
Mono,4/13/20,21,1,0,0
Mono,4/14/20,22,1,0,0
Mono,4/15/20,22,1,0,0
Mono,4/16/20,22,1,0,0
Mono,4/17/20,22,1,0,0
Mono,4/18/20,22,1,0,0
Mono,4/19/20,23,1,0,0
Mono,4/20/20,23,1,0,0
Mono,4/21/20,23,1,0,0
Mono,4/22/20,23,1,0,0
Mono,4/23/20,23,1,0,0
Mono,4/24/20,23,1,0,0
Mono,4/25/20,23,1,0,0
Mono,4/26/20,23,1,0,0
Mono,4/27/20,23,1,0,0
Mono,4/28/20,25,1,0,0
Mono,4/29/20,25,1,0,0
Mono,4/30/20,25,1,0,0
Mono,5/1/20,25,1,0,0
Mono,5/2/20,25,1,0,0
Mono,5/3/20,25,1,0,0
Mono,5/4/20,25,1,0,0
Mono,5/5/20,25,1,0,0
Mono,5/6/20,26,1,1,0
Mono,5/7/20,26,1,0,0
Mono,5/8/20,27,1,0,0
Mono,5/9/20,27,1,0,0
Mono,5/10/20,27,1,0,0
Mono,5/11/20,30,1,0,0
Mono,5/12/20,31,1,0,0
Mono,5/13/20,31,1,0,0
Mono,5/14/20,31,1,0,0
Mono,5/15/20,31,1,0,0
Mono,5/16/20,32,1,0,0
Mono,5/17/20,32,1,0,0
Mono,5/18/20,33,1,0,0
Mono,5/19/20,33,1,0,0
Mono,5/20/20,33,1,0,0
Mono,5/21/20,33,1,0,0
Mono,5/22/20,34,1,0,0
Mono,5/23/20,34,1,0,0
Mono,5/24/20,34,1,0,0
Mono,5/25/20,34,1,0,0
Mono,5/26/20,34,1,0,0
Mono,5/27/20,34,1,0,0
Mono,5/28/20,34,1,0,0
Mono,5/29/20,34,1,0,0
Mono,5/30/20,34,1,0,0
Monterey,4/1/20,47,2,13,4
Monterey,4/2/20,50,2,14,4
Monterey,4/3/20,58,2,16,3
Monterey,4/4/20,61,2,16,4
Monterey,4/5/20,61,2,16,4
Monterey,4/6/20,62,2,16,5
Monterey,4/7/20,63,2,18,5
Monterey,4/8/20,68,3,18,5
Monterey,4/9/20,70,3,17,5
Monterey,4/10/20,78,3,18,5
Monterey,4/11/20,78,3,18,5
Monterey,4/12/20,85,3,19,4
Monterey,4/13/20,89,3,22,4
Monterey,4/14/20,98,3,18,3
Monterey,4/15/20,106,3,20,4
Monterey,4/16/20,116,3,20,4
Monterey,4/17/20,119,3,22,3
Monterey,4/18/20,135,3,26,2
Monterey,4/19/20,140,4,25,2
Monterey,4/20/20,147,4,24,2
Monterey,4/21/20,151,4,7,2
Monterey,4/22/20,154,4,6,2
Monterey,4/23/20,161,4,6,4
Monterey,4/24/20,167,4,5,4
Monterey,4/25/20,173,4,5,3
Monterey,4/26/20,182,4,5,3
Monterey,4/27/20,185,4,4,2
Monterey,4/28/20,191,4,2,2
Monterey,4/29/20,204,5,4,3
Monterey,4/30/20,213,5,6,3
Monterey,5/1/20,222,5,7,3
Monterey,5/2/20,225,6,8,3
Monterey,5/3/20,235,6,7,3
Monterey,5/4/20,237,6,5,3
Monterey,5/5/20,240,6,4,3
Monterey,5/6/20,246,6,4,3
Monterey,5/7/20,249,6,4,3
Monterey,5/8/20,265,6,7,3
Monterey,5/9/20,273,6,9,3
Monterey,5/10/20,282,6,9,3
Monterey,5/11/20,286,6,9,5
Monterey,5/12/20,298,6,6,5
Monterey,5/13/20,309,6,7,5
Monterey,5/14/20,317,6,6,5
Monterey,5/15/20,321,8,6,5
Monterey,5/16/20,329,8,8,4
Monterey,5/17/20,342,8,8,4
Monterey,5/18/20,345,8,8,4
Monterey,5/19/20,350,8,11,4
Monterey,5/20/20,356,8,10,4
Monterey,5/21/20,363,8,8,4
Monterey,5/22/20,372,8,9,3
Monterey,5/23/20,397,8,7,3
Monterey,5/24/20,405,8,7,3
Monterey,5/25/20,418,8,10,3
Monterey,5/26/20,424,8,11,3
Monterey,5/27/20,443,8,11,3
Monterey,5/28/20,471,8,11,3
Monterey,5/29/20,479,10,10,3
Monterey,5/30/20,520,10,11,3
Napa,4/1/20,11,0,2,0
Napa,4/2/20,13,0,1,1
Napa,4/3/20,13,1,1,0
Napa,4/4/20,15,2,1,0
Napa,4/5/20,15,2,1,0
Napa,4/6/20,18,2,0,0
Napa,4/7/20,18,2,0,0
Napa,4/8/20,21,2,0,0
Napa,4/9/20,27,2,0,0
Napa,4/10/20,28,2,0,0
Napa,4/11/20,29,2,0,0
Napa,4/12/20,29,2,0,0
Napa,4/13/20,30,2,0,0
Napa,4/14/20,33,2,0,0
Napa,4/15/20,34,2,0,0
Napa,4/16/20,44,2,0,0
Napa,4/17/20,46,2,0,0
Napa,4/18/20,49,2,0,0
Napa,4/19/20,49,2,0,0
Napa,4/20/20,55,2,1,1
Napa,4/21/20,58,2,1,1
Napa,4/22/20,58,2,1,1
Napa,4/23/20,59,2,1,1
Napa,4/24/20,59,2,1,1
Napa,4/25/20,60,2,1,1
Napa,4/26/20,62,2,1,1
Napa,4/27/20,64,2,1,1
Napa,4/28/20,67,2,1,0
Napa,4/29/20,68,2,1,0
Napa,4/30/20,69,2,1,0
Napa,5/1/20,69,2,0,0
Napa,5/2/20,71,2,0,0
Napa,5/3/20,72,2,0,0
Napa,5/4/20,72,2,0,0
Napa,5/5/20,74,2,0,0
Napa,5/6/20,78,2,1,1
Napa,5/7/20,78,2,1,1
Napa,5/8/20,78,2,1,1
Napa,5/9/20,78,2,1,1
Napa,5/10/20,79,3,2,2
Napa,5/11/20,79,3,1,1
Napa,5/12/20,80,3,1,1
Napa,5/13/20,81,3,1,0
Napa,5/14/20,83,3,1,0
Napa,5/15/20,83,3,1,1
Napa,5/16/20,86,3,1,1
Napa,5/17/20,89,3,1,1
Napa,5/18/20,92,3,1,1
Napa,5/19/20,93,3,1,1
Napa,5/20/20,93,3,1,1
Napa,5/21/20,96,3,1,1
Napa,5/22/20,97,3,1,1
Napa,5/23/20,101,3,1,1
Napa,5/24/20,104,3,1,1
Napa,5/25/20,107,3,1,1
Napa,5/26/20,109,3,1,1
Napa,5/27/20,112,3,1,1
Napa,5/28/20,113,3,1,1
Napa,5/29/20,113,3,0,1
Napa,5/30/20,113,3,0,0
Nevada,4/1/20,15,0,36,0
Nevada,4/2/20,17,0,38,2
Nevada,4/3/20,19,1,2,2
Nevada,4/4/20,19,1,2,2
Nevada,4/5/20,19,1,2,2
Nevada,4/6/20,19,1,1,1
Nevada,4/7/20,20,1,1,1
Nevada,4/8/20,21,1,2,2
Nevada,4/9/20,23,1,2,2
Nevada,4/10/20,23,1,3,2
Nevada,4/11/20,24,1,3,2
Nevada,4/12/20,24,1,3,2
Nevada,4/13/20,24,1,2,2
Nevada,4/14/20,34,1,3,2
Nevada,4/15/20,34,1,3,2
Nevada,4/16/20,34,1,3,2
Nevada,4/17/20,34,1,2,1
Nevada,4/18/20,34,1,4,1
Nevada,4/19/20,34,1,1,1
Nevada,4/20/20,34,1,1,1
Nevada,4/21/20,36,1,1,1
Nevada,4/22/20,36,1,1,1
Nevada,4/23/20,36,1,1,0
Nevada,4/24/20,36,1,1,0
Nevada,4/25/20,37,1,1,0
Nevada,4/26/20,37,1,1,0
Nevada,4/27/20,39,1,1,0
Nevada,4/28/20,41,1,1,1
Nevada,4/29/20,41,1,1,1
Nevada,4/30/20,41,1,0,0
Nevada,5/1/20,41,1,0,0
Nevada,5/2/20,41,1,0,0
Nevada,5/3/20,41,1,0,0
Nevada,5/4/20,41,1,0,0
Nevada,5/5/20,41,1,0,0
Nevada,5/6/20,41,1,0,0
Nevada,5/7/20,41,1,0,0
Nevada,5/8/20,41,1,0,0
Nevada,5/9/20,41,1,0,0
Nevada,5/10/20,41,1,0,0
Nevada,5/11/20,41,1,0,0
Nevada,5/12/20,41,1,0,0
Nevada,5/13/20,41,1,0,0
Nevada,5/14/20,41,1,0,0
Nevada,5/15/20,41,1,0,0
Nevada,5/16/20,41,1,0,0
Nevada,5/17/20,41,1,0,0
Nevada,5/18/20,41,1,0,0
Nevada,5/19/20,41,1,0,0
Nevada,5/20/20,41,1,0,0
Nevada,5/21/20,41,1,0,0
Nevada,5/22/20,41,1,0,0
Nevada,5/23/20,41,1,0,0
Nevada,5/24/20,41,1,0,0
Nevada,5/25/20,41,1,0,0
Nevada,5/26/20,41,1,1,1
Nevada,5/27/20,41,1,1,1
Nevada,5/28/20,41,1,1,1
Nevada,5/29/20,41,1,0,0
Nevada,5/30/20,41,1,0,0
Orange,4/1/20,579,11,117,50
Orange,4/2/20,640,12,129,67
Orange,4/3/20,713,13,131,66
Orange,4/4/20,781,15,143,70
Orange,4/5/20,820,15,144,70
Orange,4/6/20,910,17,145,73
Orange,4/7/20,971,19,143,71
Orange,4/8/20,1034,19,153,49
Orange,4/9/20,1105,19,146,45
Orange,4/10/20,1167,17,139,69
Orange,4/11/20,1267,21,144,44
Orange,4/12/20,1283,21,138,63
Orange,4/13/20,1313,21,149,54
Orange,4/14/20,1362,21,147,57
Orange,4/15/20,1377,22,156,73
Orange,4/16/20,1439,26,152,55
Orange,4/17/20,1496,28,160,58
Orange,4/18/20,1569,32,157,64
Orange,4/19/20,1591,32,162,73
Orange,4/20/20,1679,33,172,73
Orange,4/21/20,1717,33,179,77
Orange,4/22/20,1785,34,172,73
Orange,4/23/20,1841,36,170,75
Orange,4/24/20,1945,39,175,68
Orange,4/25/20,2047,39,177,74
Orange,4/26/20,2124,40,180,73
Orange,4/27/20,2198,42,189,76
Orange,4/28/20,2324,42,203,75
Orange,4/29/20,2421,44,211,76
Orange,4/30/20,2591,46,214,74
Orange,5/1/20,2660,51,218,62
Orange,5/2/20,2774,52,215,64
Orange,5/3/20,2859,55,218,66
Orange,5/4/20,2931,57,214,71
Orange,5/5/20,3041,61,210,70
Orange,5/6/20,3156,65,216,71
Orange,5/7/20,3283,66,222,78
Orange,5/8/20,3395,72,222,77
Orange,5/9/20,3506,75,228,85
Orange,5/10/20,3627,76,230,81
Orange,5/11/20,3699,78,232,85
Orange,5/12/20,3843,78,263,88
Orange,5/13/20,4025,80,257,105
Orange,5/14/20,4163,80,259,102
Orange,5/15/20,4281,84,250,110
Orange,5/16/20,4396,87,251,103
Orange,5/17/20,4466,88,267,117
Orange,5/18/20,4558,88,263,111
Orange,5/19/20,4746,88,269,116
Orange,5/20/20,4866,98,275,120
Orange,5/21/20,4975,112,262,119
Orange,5/22/20,5144,118,269,127
Orange,5/23/20,5313,130,278,122
Orange,5/24/20,5439,131,286,117
Orange,5/25/20,5601,131,300,119
Orange,5/26/20,5651,131,301,119
Orange,5/27/20,5849,136,307,125
Orange,5/28/20,6045,142,291,119
Orange,5/29/20,6176,145,262,100
Orange,5/30/20,6354,146,291,122
Placer,4/1/20,52,2,25,6
Placer,4/2/20,72,2,32,9
Placer,4/3/20,76,2,21,10
Placer,4/4/20,87,2,23,10
Placer,4/5/20,86,3,23,10
Placer,4/6/20,90,3,20,10
Placer,4/7/20,94,3,19,9
Placer,4/8/20,102,4,18,10
Placer,4/9/20,107,4,18,9
Placer,4/10/20,112,7,16,9
Placer,4/11/20,113,7,20,7
Placer,4/12/20,114,7,19,6
Placer,4/13/20,116,7,18,5
Placer,4/14/20,117,7,17,5
Placer,4/15/20,123,7,13,2
Placer,4/16/20,129,8,12,1
Placer,4/17/20,130,8,12,1
Placer,4/18/20,130,8,11,1
Placer,4/19/20,131,8,11,1
Placer,4/20/20,132,8,8,2
Placer,4/21/20,133,8,4,2
Placer,4/22/20,133,8,5,1
Placer,4/23/20,136,8,4,1
Placer,4/24/20,137,8,4,0
Placer,4/25/20,137,8,4,0
Placer,4/26/20,141,8,4,1
Placer,4/27/20,142,8,5,1
Placer,4/28/20,143,8,5,1
Placer,4/29/20,145,8,5,1
Placer,4/30/20,148,8,4,1
Placer,5/1/20,149,8,5,2
Placer,5/2/20,150,8,5,2
Placer,5/3/20,161,8,7,2
Placer,5/4/20,162,8,11,1
Placer,5/5/20,162,8,11,2
Placer,5/6/20,164,8,9,3
Placer,5/7/20,165,8,8,2
Placer,5/8/20,166,8,9,2
Placer,5/9/20,168,8,8,2
Placer,5/10/20,168,8,8,2
Placer,5/11/20,170,8,8,2
Placer,5/12/20,170,8,9,3
Placer,5/13/20,170,9,3,0
Placer,5/14/20,172,9,2,0
Placer,5/15/20,174,9,3,0
Placer,5/16/20,174,9,3,0
Placer,5/17/20,175,9,2,0
Placer,5/18/20,176,9,1,0
Placer,5/19/20,177,9,3,0
Placer,5/20/20,176,9,4,0
Placer,5/21/20,176,9,7,2
Placer,5/22/20,181,9,6,3
Placer,5/23/20,184,9,6,3
Placer,5/24/20,184,9,5,3
Placer,5/25/20,186,9,5,3
Placer,5/26/20,188,9,6,3
Placer,5/27/20,196,9,6,3
Placer,5/28/20,196,9,5,3
Placer,5/29/20,199,9,8,4
Placer,5/30/20,199,9,6,4
Plumas,4/1/20,1,0,0,0
Plumas,4/2/20,1,0,0,0
Plumas,4/3/20,2,0,0,0
Plumas,4/4/20,2,0,0,0
Plumas,4/5/20,2,0,0,0
Plumas,4/6/20,2,0,0,0
Plumas,4/7/20,3,0,0,0
Plumas,4/8/20,3,0,0,0
Plumas,4/9/20,3,0,0,0
Plumas,4/10/20,3,0,0,0
Plumas,4/11/20,3,0,0,0
Plumas,4/12/20,3,0,0,0
Plumas,4/13/20,3,0,0,0
Plumas,4/14/20,3,0,0,0
Plumas,4/15/20,4,0,0,0
Plumas,4/16/20,4,0,0,0
Plumas,4/17/20,4,0,0,0
Plumas,4/18/20,4,0,0,0
Plumas,4/19/20,4,0,0,0
Plumas,4/20/20,4,0,0,0
Plumas,4/21/20,4,0,0,0
Plumas,4/22/20,4,0,0,0
Plumas,4/23/20,4,0,0,0
Plumas,4/24/20,4,0,0,0
Plumas,4/25/20,4,0,0,0
Plumas,4/26/20,4,0,0,0
Plumas,4/27/20,4,0,0,0
Plumas,4/28/20,4,0,0,0
Plumas,4/29/20,4,0,0,0
Plumas,4/30/20,4,0,0,0
Plumas,5/1/20,4,0,0,0
Plumas,5/2/20,4,0,0,0
Plumas,5/3/20,4,0,0,0
Plumas,5/4/20,4,0,0,0
Plumas,5/5/20,4,0,0,0
Plumas,5/6/20,4,0,0,0
Plumas,5/7/20,4,0,0,0
Plumas,5/8/20,4,0,0,0
Plumas,5/9/20,4,0,0,0
Plumas,5/10/20,4,0,0,0
Plumas,5/11/20,4,0,0,0
Plumas,5/12/20,4,0,0,0
Plumas,5/13/20,4,0,0,0
Plumas,5/14/20,4,0,0,0
Plumas,5/15/20,4,0,0,0
Plumas,5/16/20,4,0,0,0
Plumas,5/17/20,4,0,0,0
Plumas,5/18/20,5,0,0,0
Plumas,5/19/20,5,0,0,0
Plumas,5/20/20,4,0,0,0
Plumas,5/21/20,4,0,0,0
Plumas,5/22/20,4,0,0,0
Plumas,5/23/20,4,0,0,0
Plumas,5/24/20,4,0,0,0
Plumas,5/25/20,4,0,0,0
Plumas,5/26/20,4,0,0,0
Plumas,5/27/20,4,0,0,0
Plumas,5/28/20,4,0,0,0
Plumas,5/29/20,4,0,0,0
Plumas,5/30/20,4,0,0,0
Riverside,4/1/20,306,11,85,29
Riverside,4/2/20,438,13,136,45
Riverside,4/3/20,540,14,105,44
Riverside,4/4/20,652,15,126,39
Riverside,4/5/20,669,17,129,47
Riverside,4/6/20,854,17,129,46
Riverside,4/7/20,905,25,129,57
Riverside,4/8/20,974,28,149,56
Riverside,4/9/20,1083,29,201,59
Riverside,4/10/20,1162,38,206,57
Riverside,4/11/20,1260,38,232,57
Riverside,4/12/20,1330,39,245,69
Riverside,4/13/20,1460,50,247,66
Riverside,4/14/20,1467,54,235,64
Riverside,4/15/20,1723,59,207,70
Riverside,4/16/20,1913,65,216,72
Riverside,4/17/20,2080,73,215,69
Riverside,4/18/20,2257,78,223,71
Riverside,4/19/20,2316,83,236,76
Riverside,4/20/20,2477,89,240,72
Riverside,4/21/20,2631,96,250,81
Riverside,4/22/20,2822,109,229,84
Riverside,4/23/20,2935,110,222,83
Riverside,4/24/20,3044,118,223,82
Riverside,4/25/20,3037,118,218,81
Riverside,4/26/20,3301,131,215,75
Riverside,4/27/20,3381,138,220,73
Riverside,4/28/20,3504,142,215,78
Riverside,4/29/20,3700,149,212,78
Riverside,4/30/20,3820,156,214,85
Riverside,5/1/20,3893,167,210,83
Riverside,5/2/20,3997,167,211,78
Riverside,5/3/20,4034,176,217,78
Riverside,5/4/20,4221,184,216,75
Riverside,5/5/20,4309,190,208,84
Riverside,5/6/20,4535,194,197,81
Riverside,5/7/20,4608,203,194,79
Riverside,5/8/20,4672,210,189,77
Riverside,5/9/20,4871,212,190,73
Riverside,5/10/20,4951,215,199,73
Riverside,5/11/20,5082,228,186,69
Riverside,5/12/20,5134,238,206,67
Riverside,5/13/20,5204,246,188,66
Riverside,5/14/20,5339,249,184,68
Riverside,5/15/20,5496,255,184,71
Riverside,5/16/20,5633,259,183,68
Riverside,5/17/20,5776,263,186,68
Riverside,5/18/20,5873,268,195,68
Riverside,5/19/20,5963,274,189,69
Riverside,5/20/20,6090,283,183,67
Riverside,5/21/20,6245,289,194,64
Riverside,5/22/20,6351,298,195,64
Riverside,5/23/20,6460,299,193,59
Riverside,5/24/20,6571,304,188,60
Riverside,5/25/20,6900,309,193,63
Riverside,5/26/20,6917,314,207,68
Riverside,5/27/20,7156,320,199,66
Riverside,5/28/20,7240,331,202,62
Riverside,5/29/20,7376,339,191,62
Riverside,5/30/20,7492,339,185,61
Sacramento,4/1/20,299,8,53,20
Sacramento,4/2/20,322,9,71,24
Sacramento,4/3/20,363,11,77,28
Sacramento,4/4/20,393,11,69,25
Sacramento,4/5/20,393,11,64,23
Sacramento,4/6/20,448,15,77,26
Sacramento,4/7/20,513,18,74,28
Sacramento,4/8/20,565,21,76,28
Sacramento,4/9/20,601,21,74,31
Sacramento,4/10/20,642,24,70,30
Sacramento,4/11/20,685,25,67,29
Sacramento,4/12/20,689,25,69,28
Sacramento,4/13/20,724,27,73,28
Sacramento,4/14/20,737,28,70,24
Sacramento,4/15/20,839,28,66,20
Sacramento,4/16/20,865,32,64,25
Sacramento,4/17/20,882,32,63,24
Sacramento,4/18/20,901,33,65,22
Sacramento,4/19/20,912,34,65,22
Sacramento,4/20/20,924,34,69,33
Sacramento,4/21/20,941,35,54,21
Sacramento,4/22/20,959,36,47,18
Sacramento,4/23/20,978,41,48,17
Sacramento,4/24/20,1009,41,53,17
Sacramento,4/25/20,1015,41,53,20
Sacramento,4/26/20,1027,41,48,16
Sacramento,4/27/20,1035,41,46,16
Sacramento,4/28/20,1044,41,43,16
Sacramento,4/29/20,1055,42,42,17
Sacramento,4/30/20,1071,43,37,17
Sacramento,5/1/20,1081,43,35,14
Sacramento,5/2/20,1097,43,23,16
Sacramento,5/3/20,1109,43,26,16
Sacramento,5/4/20,1119,47,27,16
Sacramento,5/5/20,1125,47,25,13
Sacramento,5/6/20,1135,48,27,12
Sacramento,5/7/20,1139,49,19,12
Sacramento,5/8/20,1145,51,17,11
Sacramento,5/9/20,1150,52,18,12
Sacramento,5/10/20,1152,52,18,11
Sacramento,5/11/20,1160,52,16,9
Sacramento,5/12/20,1166,52,14,7
Sacramento,5/13/20,1173,52,15,5
Sacramento,5/14/20,1181,54,12,5
Sacramento,5/15/20,1203,55,11,5
Sacramento,5/16/20,1209,55,12,5
Sacramento,5/17/20,1224,55,15,6
Sacramento,5/18/20,1233,56,13,4
Sacramento,5/19/20,1239,57,11,4
Sacramento,5/20/20,1244,57,11,3
Sacramento,5/21/20,1258,57,7,4
Sacramento,5/22/20,1262,57,10,2
Sacramento,5/23/20,1275,57,12,3
Sacramento,5/24/20,1283,57,9,2
Sacramento,5/25/20,1290,57,9,2
Sacramento,5/26/20,1298,57,9,4
Sacramento,5/27/20,1318,57,8,6
Sacramento,5/28/20,1339,57,14,8
Sacramento,5/29/20,1360,57,14,8
Sacramento,5/30/20,1384,57,14,8
San Benito,4/1/20,14,1,2,2
San Benito,4/2/20,18,1,2,2
San Benito,4/3/20,22,1,2,2
San Benito,4/4/20,22,1,2,2
San Benito,4/5/20,22,1,3,2
San Benito,4/6/20,25,1,3,2
San Benito,4/7/20,26,2,3,2
San Benito,4/8/20,31,2,2,1
San Benito,4/9/20,32,2,2,1
San Benito,4/10/20,32,2,2,1
San Benito,4/11/20,33,2,2,0
San Benito,4/12/20,33,2,0,0
San Benito,4/13/20,33,2,1,0
San Benito,4/14/20,34,2,1,0
San Benito,4/15/20,34,2,1,0
San Benito,4/16/20,36,2,1,0
San Benito,4/17/20,38,2,1,0
San Benito,4/18/20,40,2,0,0
San Benito,4/19/20,40,2,0,0
San Benito,4/20/20,43,2,0,0
San Benito,4/21/20,43,2,1,0
San Benito,4/22/20,43,2,0,0
San Benito,4/23/20,43,2,0,0
San Benito,4/24/20,45,2,0,0
San Benito,4/25/20,45,2,0,0
San Benito,4/26/20,45,2,0,0
San Benito,4/27/20,45,2,0,0
San Benito,4/28/20,46,2,0,0
San Benito,4/29/20,48,2,0,0
San Benito,4/30/20,48,2,1,0
San Benito,5/1/20,49,2,1,0
San Benito,5/2/20,49,2,1,0
San Benito,5/3/20,49,2,0,0
San Benito,5/4/20,49,2,0,0
San Benito,5/5/20,50,2,0,0
San Benito,5/6/20,50,2,0,0
San Benito,5/7/20,50,2,0,0
San Benito,5/8/20,51,2,0,0
San Benito,5/9/20,52,2,0,0
San Benito,5/10/20,52,2,0,0
San Benito,5/11/20,52,2,1,0
San Benito,5/12/20,55,2,1,0
San Benito,5/13/20,55,2,1,1
San Benito,5/14/20,56,2,1,1
San Benito,5/15/20,57,2,1,1
San Benito,5/16/20,58,2,1,1
San Benito,5/17/20,59,2,1,1
San Benito,5/18/20,59,2,1,1
San Benito,5/19/20,59,2,1,1
San Benito,5/20/20,61,2,1,1
San Benito,5/21/20,61,2,1,1
San Benito,5/22/20,64,2,1,0
San Benito,5/23/20,67,2,1,0
San Benito,5/24/20,67,2,1,0
San Benito,5/25/20,70,2,1,0
San Benito,5/26/20,69,2,1,0
San Benito,5/27/20,74,2,1,0
San Benito,5/28/20,82,2,0,0
San Benito,5/29/20,84,2,0,0
San Benito,5/30/20,85,2,0,0
San Bernardino,4/1/20,245,5,95,39
San Bernardino,4/2/20,335,8,126,50
San Bernardino,4/3/20,356,11,118,44
San Bernardino,4/4/20,373,13,138,51
San Bernardino,4/5/20,375,13,146,59
San Bernardino,4/6/20,550,13,148,60
San Bernardino,4/7/20,554,18,146,54
San Bernardino,4/8/20,635,22,132,51
San Bernardino,4/9/20,717,27,136,56
San Bernardino,4/10/20,779,24,156,66
San Bernardino,4/11/20,826,28,153,57
San Bernardino,4/12/20,827,30,157,63
San Bernardino,4/13/20,925,31,167,60
San Bernardino,4/14/20,933,31,166,59
San Bernardino,4/15/20,1063,37,149,65
San Bernardino,4/16/20,1143,39,164,60
San Bernardino,4/17/20,1229,55,165,62
San Bernardino,4/18/20,1255,57,161,61
San Bernardino,4/19/20,1262,58,158,62
San Bernardino,4/20/20,1344,60,152,60
San Bernardino,4/21/20,1499,67,153,51
San Bernardino,4/22/20,1564,72,149,54
San Bernardino,4/23/20,1604,77,146,54
San Bernardino,4/24/20,1667,80,152,57
San Bernardino,4/25/20,1675,82,147,53
San Bernardino,4/26/20,1681,82,146,50
San Bernardino,4/27/20,1742,82,154,49
San Bernardino,4/28/20,1891,85,156,51
San Bernardino,4/29/20,1975,91,156,56
San Bernardino,4/30/20,2020,96,158,58
San Bernardino,5/1/20,2084,98,157,55
San Bernardino,5/2/20,2124,99,144,55
San Bernardino,5/3/20,2123,99,154,59
San Bernardino,5/4/20,2184,99,156,58
San Bernardino,5/5/20,2345,101,155,58
San Bernardino,5/6/20,2426,104,167,51
San Bernardino,5/7/20,2522,110,153,51
San Bernardino,5/8/20,2631,119,142,52
San Bernardino,5/9/20,2825,121,145,55
San Bernardino,5/10/20,2910,121,144,53
San Bernardino,5/11/20,2945,121,152,53
San Bernardino,5/12/20,2997,124,148,48
San Bernardino,5/13/20,3064,138,133,49
San Bernardino,5/14/20,3149,140,132,47
San Bernardino,5/15/20,3225,150,125,51
San Bernardino,5/16/20,3362,155,122,54
San Bernardino,5/17/20,3467,155,129,52
San Bernardino,5/18/20,3558,155,140,52
San Bernardino,5/19/20,3656,157,134,55
San Bernardino,5/20/20,3771,158,127,51
San Bernardino,5/21/20,3950,164,131,47
San Bernardino,5/22/20,4107,173,125,44
San Bernardino,5/23/20,4172,176,134,47
San Bernardino,5/24/20,4262,176,139,48
San Bernardino,5/25/20,4393,176,138,48
San Bernardino,5/26/20,4430,176,154,57
San Bernardino,5/27/20,4708,183,159,54
San Bernardino,5/28/20,4831,190,156,53
San Bernardino,5/29/20,4983,199,134,50
San Bernardino,5/30/20,5122,204,130,52
San Diego,4/1/20,851,11,168,71
San Diego,4/2/20,968,16,144,69
San Diego,4/3/20,1114,17,171,84
San Diego,4/4/20,1211,18,177,86
San Diego,4/5/20,1328,19,179,89
San Diego,4/6/20,1406,19,187,83
San Diego,4/7/20,1456,31,203,87
San Diego,4/8/20,1532,36,225,92
San Diego,4/9/20,1630,40,227,98
San Diego,4/10/20,1695,54,230,96
San Diego,4/11/20,1763,54,239,98
San Diego,4/12/20,1806,55,244,99
San Diego,4/13/20,1849,66,243,101
San Diego,4/14/20,1932,67,243,101
San Diego,4/15/20,2014,67,236,98
San Diego,4/16/20,2089,77,231,94
San Diego,4/17/20,2160,83,232,92
San Diego,4/18/20,2215,83,223,90
San Diego,4/19/20,2270,83,226,92
San Diego,4/20/20,2327,102,238,95
San Diego,4/21/20,2436,109,221,98
San Diego,4/22/20,2493,112,241,104
San Diego,4/23/20,2645,112,253,105
San Diego,4/24/20,2828,119,257,107
San Diego,4/25/20,2945,119,268,110
San Diego,4/26/20,3045,123,273,114
San Diego,4/27/20,3143,128,277,115
San Diego,4/28/20,3316,133,276,112
San Diego,4/29/20,3434,140,282,119
San Diego,4/30/20,3566,143,283,122
San Diego,5/1/20,3713,150,290,123
San Diego,5/2/20,3844,150,289,123
San Diego,5/3/20,3929,150,276,125
San Diego,5/4/20,4022,162,300,124
San Diego,5/5/20,4162,173,294,122
San Diego,5/6/20,4321,186,308,120
San Diego,5/7/20,4431,189,312,123
San Diego,5/8/20,4664,194,334,129
San Diego,5/9/20,4778,194,338,134
San Diego,5/10/20,4928,194,334,134
San Diego,5/11/20,5067,204,339,131
San Diego,5/12/20,5163,217,334,132
San Diego,5/13/20,5280,223,329,136
San Diego,5/14/20,5393,231,329,140
San Diego,5/15/20,5525,235,326,139
San Diego,5/16/20,5664,235,319,138
San Diego,5/17/20,5838,242,321,140
San Diego,5/18/20,5948,242,329,139
San Diego,5/19/20,6028,242,319,142
San Diego,5/20/20,6142,262,335,140
San Diego,5/21/20,6317,262,325,139
San Diego,5/22/20,6436,271,331,145
San Diego,5/23/20,6561,275,304,138
San Diego,5/24/20,6703,275,310,139
San Diego,5/25/20,6799,275,317,139
San Diego,5/26/20,6884,290,325,145
San Diego,5/27/20,6985,297,329,144
San Diego,5/28/20,7102,307,313,137
San Diego,5/29/20,7242,312,300,138
San Diego,5/30/20,7387,312,311,144
San Francisco,4/1/20,432,6,67,30
San Francisco,4/2/20,473,6,75,32
San Francisco,4/3/20,506,6,80,39
San Francisco,4/4/20,537,6,80,37
San Francisco,4/5/20,559,6,79,37
San Francisco,4/6/20,586,6,80,34
San Francisco,4/7/20,636,6,88,36
San Francisco,4/8/20,687,7,90,36
San Francisco,4/9/20,748,8,88,33
San Francisco,4/10/20,797,12,85,32
San Francisco,4/11/20,860,12,82,28
San Francisco,4/12/20,886,12,92,30
San Francisco,4/13/20,959,15,89,30
San Francisco,4/14/20,968,15,87,28
San Francisco,4/15/20,1006,17,87,25
San Francisco,4/16/20,1039,17,84,31
San Francisco,4/17/20,1090,20,79,28
San Francisco,4/18/20,1144,20,74,27
San Francisco,4/19/20,1153,20,73,27
San Francisco,4/20/20,1223,20,79,27
San Francisco,4/21/20,1232,20,76,25
San Francisco,4/22/20,1255,21,75,28
San Francisco,4/23/20,1312,21,75,31
San Francisco,4/24/20,1345,22,75,30
San Francisco,4/25/20,1341,22,73,29
San Francisco,4/26/20,1403,23,79,31
San Francisco,4/27/20,1453,23,82,29
San Francisco,4/28/20,1471,23,81,27
San Francisco,4/29/20,1489,23,80,26
San Francisco,4/30/20,1518,26,85,32
San Francisco,5/1/20,1552,29,86,32
San Francisco,5/2/20,1632,29,81,29
San Francisco,5/3/20,1692,30,83,30
San Francisco,5/4/20,1760,31,84,26
San Francisco,5/5/20,1779,31,79,27
San Francisco,5/6/20,1804,31,76,26
San Francisco,5/7/20,1852,32,72,30
San Francisco,5/8/20,1890,33,71,28
San Francisco,5/9/20,1944,34,68,28
San Francisco,5/10/20,1953,34,66,25
San Francisco,5/11/20,1974,35,63,23
San Francisco,5/12/20,1981,35,63,23
San Francisco,5/13/20,2004,35,57,24
San Francisco,5/14/20,2029,35,56,20
San Francisco,5/15/20,2062,36,56,19
San Francisco,5/16/20,2094,36,44,20
San Francisco,5/17/20,2132,36,40,18
San Francisco,5/18/20,2183,36,46,22
San Francisco,5/19/20,2186,36,48,18
San Francisco,5/20/20,2199,37,47,20
San Francisco,5/21/20,2248,37,43,16
San Francisco,5/22/20,2251,40,43,18
San Francisco,5/23/20,2312,40,45,18
San Francisco,5/24/20,2318,40,47,20
San Francisco,5/25/20,2358,40,40,21
San Francisco,5/26/20,2363,40,40,20
San Francisco,5/27/20,2394,40,40,18
San Francisco,5/28/20,2417,40,49,20
San Francisco,5/29/20,2453,41,49,19
San Francisco,5/30/20,2496,41,47,19
San Joaquin,4/1/20,132,8,25,16
San Joaquin,4/2/20,148,9,42,20
San Joaquin,4/3/20,162,10,41,18
San Joaquin,4/4/20,171,10,43,16
San Joaquin,4/5/20,179,10,46,17
San Joaquin,4/6/20,191,10,31,14
San Joaquin,4/7/20,198,12,31,14
San Joaquin,4/8/20,211,12,32,11
San Joaquin,4/9/20,223,14,29,12
San Joaquin,4/10/20,234,14,26,14
San Joaquin,4/11/20,244,15,23,14
San Joaquin,4/12/20,246,15,25,10
San Joaquin,4/13/20,259,17,26,12
San Joaquin,4/14/20,280,17,22,12
San Joaquin,4/15/20,329,17,21,10
San Joaquin,4/16/20,345,17,21,11
San Joaquin,4/17/20,356,17,23,10
San Joaquin,4/18/20,392,17,23,11
San Joaquin,4/19/20,404,17,23,12
San Joaquin,4/20/20,422,17,30,16
San Joaquin,4/21/20,447,20,27,16
San Joaquin,4/22/20,462,20,29,14
San Joaquin,4/23/20,479,22,31,15
San Joaquin,4/24/20,484,24,29,12
San Joaquin,4/25/20,497,25,27,12
San Joaquin,4/26/20,514,25,24,9
San Joaquin,4/27/20,522,25,24,10
San Joaquin,4/28/20,532,25,24,10
San Joaquin,4/29/20,540,25,21,9
San Joaquin,4/30/20,548,25,17,8
San Joaquin,5/1/20,554,25,17,9
San Joaquin,5/2/20,559,25,17,9
San Joaquin,5/3/20,570,26,17,9
San Joaquin,5/4/20,574,26,19,8
San Joaquin,5/5/20,577,26,18,9
San Joaquin,5/6/20,581,27,17,8
San Joaquin,5/7/20,583,28,13,6
San Joaquin,5/8/20,595,28,15,6
San Joaquin,5/9/20,605,28,16,4
San Joaquin,5/10/20,611,29,15,2
San Joaquin,5/11/20,620,29,15,2
San Joaquin,5/12/20,625,30,14,1
San Joaquin,5/13/20,639,31,11,1
San Joaquin,5/14/20,643,31,10,1
San Joaquin,5/15/20,656,31,11,3
San Joaquin,5/16/20,668,32,11,2
San Joaquin,5/17/20,688,32,10,1
San Joaquin,5/18/20,697,32,9,1
San Joaquin,5/19/20,705,33,7,2
San Joaquin,5/20/20,713,33,9,3
San Joaquin,5/21/20,730,33,8,5
San Joaquin,5/22/20,747,33,9,5
San Joaquin,5/23/20,759,33,10,5
San Joaquin,5/24/20,760,33,11,6
San Joaquin,5/25/20,760,33,12,6
San Joaquin,5/26/20,760,33,14,6
San Joaquin,5/27/20,825,34,14,7
San Joaquin,5/28/20,840,35,15,5
San Joaquin,5/29/20,855,35,17,5
San Joaquin,5/30/20,888,35,19,6
San Luis Obispo,4/1/20,69,0,8,5
San Luis Obispo,4/2/20,79,0,5,4
San Luis Obispo,4/3/20,82,0,4,3
San Luis Obispo,4/4/20,82,0,4,3
San Luis Obispo,4/5/20,83,1,2,2
San Luis Obispo,4/6/20,85,1,2,2
San Luis Obispo,4/7/20,87,1,2,2
San Luis Obispo,4/8/20,90,1,2,2
San Luis Obispo,4/9/20,93,1,2,2
San Luis Obispo,4/10/20,97,1,2,2
San Luis Obispo,4/11/20,100,1,2,2
San Luis Obispo,4/12/20,102,1,2,2
San Luis Obispo,4/13/20,107,1,2,2
San Luis Obispo,4/14/20,109,1,3,2
San Luis Obispo,4/15/20,112,1,2,2
San Luis Obispo,4/16/20,113,1,3,3
San Luis Obispo,4/17/20,116,1,3,3
San Luis Obispo,4/18/20,129,1,3,3
San Luis Obispo,4/19/20,132,1,2,2
San Luis Obispo,4/20/20,132,1,2,2
San Luis Obispo,4/21/20,134,1,1,1
San Luis Obispo,4/22/20,142,1,1,1
San Luis Obispo,4/23/20,146,1,1,1
San Luis Obispo,4/24/20,151,1,1,1
San Luis Obispo,4/25/20,159,1,1,1
San Luis Obispo,4/26/20,165,1,1,1
San Luis Obispo,4/27/20,166,1,3,2
San Luis Obispo,4/28/20,172,1,3,3
San Luis Obispo,4/29/20,181,1,3,3
San Luis Obispo,4/30/20,182,1,3,3
San Luis Obispo,5/1/20,186,1,3,1
San Luis Obispo,5/2/20,193,1,3,1
San Luis Obispo,5/3/20,200,1,4,1
San Luis Obispo,5/4/20,202,1,3,2
San Luis Obispo,5/5/20,203,1,3,2
San Luis Obispo,5/6/20,207,1,2,2
San Luis Obispo,5/7/20,209,1,2,2
San Luis Obispo,5/8/20,210,1,1,1
San Luis Obispo,5/9/20,213,1,3,3
San Luis Obispo,5/10/20,218,1,3,2
San Luis Obispo,5/11/20,224,1,3,2
San Luis Obispo,5/12/20,226,1,4,2
San Luis Obispo,5/13/20,231,1,3,2
San Luis Obispo,5/14/20,236,1,2,1
San Luis Obispo,5/15/20,237,1,1,1
San Luis Obispo,5/16/20,240,1,1,1
San Luis Obispo,5/17/20,242,1,1,1
San Luis Obispo,5/18/20,243,1,1,1
San Luis Obispo,5/19/20,245,1,2,1
San Luis Obispo,5/20/20,249,1,2,1
San Luis Obispo,5/21/20,251,1,2,1
San Luis Obispo,5/22/20,254,1,2,1
San Luis Obispo,5/23/20,256,1,2,1
San Luis Obispo,5/24/20,257,1,2,1
San Luis Obispo,5/25/20,260,1,2,1
San Luis Obispo,5/26/20,260,1,2,1
San Luis Obispo,5/27/20,266,1,2,2
San Luis Obispo,5/28/20,267,1,2,2
San Luis Obispo,5/29/20,270,1,3,3
San Luis Obispo,5/30/20,270,1,3,3
San Mateo,4/1/20,354,13,57,19
San Mateo,4/2/20,423,13,62,26
San Mateo,4/3/20,474,13,65,26
San Mateo,4/4/20,520,17,66,25
San Mateo,4/5/20,528,19,69,24
San Mateo,4/6/20,569,20,68,25
San Mateo,4/7/20,573,22,63,26
San Mateo,4/8/20,608,22,66,25
San Mateo,4/9/20,630,23,58,18
San Mateo,4/10/20,642,21,56,18
San Mateo,4/11/20,662,25,54,18
San Mateo,4/12/20,664,25,46,16
San Mateo,4/13/20,679,25,57,18
San Mateo,4/14/20,681,25,55,19
San Mateo,4/15/20,707,25,53,14
San Mateo,4/16/20,745,25,54,13
San Mateo,4/17/20,768,28,51,16
San Mateo,4/18/20,821,28,49,16
San Mateo,4/19/20,845,31,53,18
San Mateo,4/20/20,890,31,56,18
San Mateo,4/21/20,933,31,53,19
San Mateo,4/22/20,945,39,50,15
San Mateo,4/23/20,970,39,53,16
San Mateo,4/24/20,1004,43,49,16
San Mateo,4/25/20,1054,43,47,15
San Mateo,4/26/20,1070,46,53,18
San Mateo,4/27/20,1092,46,52,16
San Mateo,4/28/20,1129,48,50,17
San Mateo,4/29/20,1170,50,51,16
San Mateo,4/30/20,1194,52,53,16
San Mateo,5/1/20,1222,52,48,15
San Mateo,5/2/20,1272,52,48,16
San Mateo,5/3/20,1277,53,47,16
San Mateo,5/4/20,1313,53,45,13
San Mateo,5/5/20,1335,56,44,13
San Mateo,5/6/20,1348,56,43,12
San Mateo,5/7/20,1398,57,37,11
San Mateo,5/8/20,1423,62,33,11
San Mateo,5/9/20,1453,65,32,12
San Mateo,5/10/20,1463,65,29,12
San Mateo,5/11/20,1499,65,31,11
San Mateo,5/12/20,1533,66,30,14
San Mateo,5/13/20,1550,66,34,17
San Mateo,5/14/20,1588,66,32,12
San Mateo,5/15/20,1612,67,30,10
San Mateo,5/16/20,1652,68,31,9
San Mateo,5/17/20,1680,68,32,9
San Mateo,5/18/20,1701,68,41,10
San Mateo,5/19/20,1704,75,41,10
San Mateo,5/20/20,1739,75,37,11
San Mateo,5/21/20,1791,75,37,10
San Mateo,5/22/20,1847,76,40,14
San Mateo,5/23/20,1862,76,39,16
San Mateo,5/24/20,1925,76,39,16
San Mateo,5/25/20,1938,76,44,15
San Mateo,5/26/20,1967,82,45,16
San Mateo,5/27/20,2045,82,33,16
San Mateo,5/28/20,2070,82,39,17
San Mateo,5/29/20,2103,84,37,14
San Mateo,5/30/20,2129,84,44,13
Santa Barbara,4/1/20,103,0,23,15
Santa Barbara,4/2/20,125,1,26,18
Santa Barbara,4/3/20,154,1,27,18
Santa Barbara,4/4/20,167,1,28,18
Santa Barbara,4/5/20,171,1,31,18
Santa Barbara,4/6/20,189,2,34,19
Santa Barbara,4/7/20,209,2,41,23
Santa Barbara,4/8/20,221,2,42,19
Santa Barbara,4/9/20,232,2,40,20
Santa Barbara,4/10/20,254,2,42,19
Santa Barbara,4/11/20,258,2,40,21
Santa Barbara,4/12/20,261,2,42,21
Santa Barbara,4/13/20,271,2,42,21
Santa Barbara,4/14/20,292,2,42,19
Santa Barbara,4/15/20,317,2,37,17
Santa Barbara,4/16/20,331,2,37,16
Santa Barbara,4/17/20,349,3,36,16
Santa Barbara,4/18/20,372,4,31,15
Santa Barbara,4/19/20,377,4,29,16
Santa Barbara,4/20/20,388,4,30,20
Santa Barbara,4/21/20,414,5,26,13
Santa Barbara,4/22/20,437,5,25,13
Santa Barbara,4/23/20,445,5,24,13
Santa Barbara,4/24/20,450,6,21,12
Santa Barbara,4/25/20,457,7,23,16
Santa Barbara,4/26/20,464,7,24,12
Santa Barbara,4/27/20,466,7,26,12
Santa Barbara,4/28/20,469,7,27,12
Santa Barbara,4/29/20,477,8,28,12
Santa Barbara,4/30/20,490,8,26,13
Santa Barbara,5/1/20,499,8,28,13
Santa Barbara,5/2/20,506,8,25,13
Santa Barbara,5/3/20,512,8,28,14
Santa Barbara,5/4/20,524,9,29,15
Santa Barbara,5/5/20,541,10,31,13
Santa Barbara,5/6/20,565,11,30,13
Santa Barbara,5/7/20,720,11,27,11
Santa Barbara,5/8/20,1054,11,32,11
Santa Barbara,5/9/20,1245,11,28,11
Santa Barbara,5/10/20,1323,11,26,11
Santa Barbara,5/11/20,1372,11,22,9
Santa Barbara,5/12/20,1377,11,24,9
Santa Barbara,5/13/20,1382,11,26,9
Santa Barbara,5/14/20,1395,11,26,10
Santa Barbara,5/15/20,1409,11,26,12
Santa Barbara,5/16/20,1422,11,27,12
Santa Barbara,5/17/20,1457,11,25,12
Santa Barbara,5/18/20,1501,11,25,11
Santa Barbara,5/19/20,1521,11,23,11
Santa Barbara,5/20/20,1524,11,23,11
Santa Barbara,5/21/20,1541,11,24,9
Santa Barbara,5/22/20,1554,12,20,7
Santa Barbara,5/23/20,1566,12,21,8
Santa Barbara,5/24/20,1573,12,21,8
Santa Barbara,5/25/20,1590,12,19,8
Santa Barbara,5/26/20,1590,12,18,8
Santa Barbara,5/27/20,1629,12,22,9
Santa Barbara,5/28/20,1642,12,19,9
Santa Barbara,5/29/20,1656,12,16,8
Santa Barbara,5/30/20,1660,12,18,7
Santa Clara,4/1/20,805,33,160,77
Santa Clara,4/2/20,908,38,163,69
Santa Clara,4/3/20,983,39,164,71
Santa Clara,4/4/20,1045,39,159,72
Santa Clara,4/5/20,1052,42,166,68
Santa Clara,4/6/20,1128,43,181,79
Santa Clara,4/7/20,1193,46,187,77
Santa Clara,4/8/20,1257,47,156,70
Santa Clara,4/9/20,1301,49,158,70
Santa Clara,4/10/20,1351,52,151,67
Santa Clara,4/11/20,1441,52,146,66
Santa Clara,4/12/20,1461,53,145,66
Santa Clara,4/13/20,1542,60,151,65
Santa Clara,4/14/20,1561,66,144,66
Santa Clara,4/15/20,1692,66,144,65
Santa Clara,4/16/20,1789,69,134,69
Santa Clara,4/17/20,1834,73,140,71
Santa Clara,4/18/20,1862,73,137,67
Santa Clara,4/19/20,1878,79,143,67
Santa Clara,4/20/20,1920,83,149,68
Santa Clara,4/21/20,1943,88,144,70
Santa Clara,4/22/20,1969,94,137,68
Santa Clara,4/23/20,1996,95,137,67
Santa Clara,4/24/20,2026,98,129,60
Santa Clara,4/25/20,2045,99,125,62
Santa Clara,4/26/20,2097,102,118,60
Santa Clara,4/27/20,2104,105,115,56
Santa Clara,4/28/20,2130,106,116,51
Santa Clara,4/29/20,2147,108,110,46
Santa Clara,4/30/20,2172,111,104,45
Santa Clara,5/1/20,2176,113,97,38
Santa Clara,5/2/20,2203,115,95,40
Santa Clara,5/3/20,2235,116,93,40
Santa Clara,5/4/20,2238,119,90,37
Santa Clara,5/5/20,2249,123,79,36
Santa Clara,5/6/20,2270,126,73,36
Santa Clara,5/7/20,2281,127,70,32
Santa Clara,5/8/20,2285,130,69,29
Santa Clara,5/9/20,2317,130,66,28
Santa Clara,5/10/20,2331,130,66,28
Santa Clara,5/11/20,2340,133,59,27
Santa Clara,5/12/20,2362,133,55,24
Santa Clara,5/13/20,2370,135,58,22
Santa Clara,5/14/20,2380,135,51,21
Santa Clara,5/15/20,2395,136,48,23
Santa Clara,5/16/20,2420,136,51,22
Santa Clara,5/17/20,2453,136,44,19
Santa Clara,5/18/20,2468,136,46,17
Santa Clara,5/19/20,2480,139,43,16
Santa Clara,5/20/20,2508,139,40,16
Santa Clara,5/21/20,2520,139,39,16
Santa Clara,5/22/20,2537,139,36,18
Santa Clara,5/23/20,2593,139,37,18
Santa Clara,5/24/20,2623,139,35,16
Santa Clara,5/25/20,2647,140,32,14
Santa Clara,5/26/20,2659,140,33,14
Santa Clara,5/27/20,2680,141,28,12
Santa Clara,5/28/20,2698,141,26,13
Santa Clara,5/29/20,2707,141,26,13
Santa Clara,5/30/20,2741,141,29,11
Santa Cruz,4/1/20,44,1,2,2
Santa Cruz,4/2/20,49,1,4,3
Santa Cruz,4/3/20,52,1,4,3
Santa Cruz,4/4/20,56,1,4,3
Santa Cruz,4/5/20,59,1,5,4
Santa Cruz,4/6/20,65,1,5,4
Santa Cruz,4/7/20,67,1,4,4
Santa Cruz,4/8/20,69,1,4,3
Santa Cruz,4/9/20,73,1,4,2
Santa Cruz,4/10/20,75,1,4,3
Santa Cruz,4/11/20,79,1,4,3
Santa Cruz,4/12/20,80,1,4,3
Santa Cruz,4/13/20,82,1,4,3
Santa Cruz,4/14/20,84,1,4,3
Santa Cruz,4/15/20,92,1,4,3
Santa Cruz,4/16/20,90,2,4,3
Santa Cruz,4/17/20,94,2,2,1
Santa Cruz,4/18/20,96,2,2,1
Santa Cruz,4/19/20,98,2,2,1
Santa Cruz,4/20/20,102,2,3,1
Santa Cruz,4/21/20,104,2,3,1
Santa Cruz,4/22/20,106,2,3,1
Santa Cruz,4/23/20,110,2,3,1
Santa Cruz,4/24/20,111,2,4,2
Santa Cruz,4/25/20,112,2,4,2
Santa Cruz,4/26/20,116,2,4,2
Santa Cruz,4/27/20,123,2,2,1
Santa Cruz,4/28/20,123,2,2,1
Santa Cruz,4/29/20,124,2,2,1
Santa Cruz,4/30/20,126,2,3,2
Santa Cruz,5/1/20,127,2,3,2
Santa Cruz,5/2/20,131,2,3,1
Santa Cruz,5/3/20,133,2,3,1
Santa Cruz,5/4/20,133,2,3,0
Santa Cruz,5/5/20,134,2,2,0
Santa Cruz,5/6/20,135,2,2,0
Santa Cruz,5/7/20,136,2,3,0
Santa Cruz,5/8/20,137,2,4,0
Santa Cruz,5/9/20,138,2,3,0
Santa Cruz,5/10/20,139,2,3,0
Santa Cruz,5/11/20,140,2,1,0
Santa Cruz,5/12/20,141,2,1,0
Santa Cruz,5/13/20,142,2,1,0
Santa Cruz,5/14/20,145,2,1,0
Santa Cruz,5/15/20,146,3,1,0
Santa Cruz,5/16/20,154,3,1,0
Santa Cruz,5/17/20,155,3,1,0
Santa Cruz,5/18/20,160,3,2,0
Santa Cruz,5/19/20,161,3,1,0
Santa Cruz,5/20/20,163,3,3,0
Santa Cruz,5/21/20,164,3,4,1
Santa Cruz,5/22/20,171,3,4,1
Santa Cruz,5/23/20,177,3,4,1
Santa Cruz,5/24/20,185,3,4,1
Santa Cruz,5/25/20,191,3,4,1
Santa Cruz,5/26/20,197,3,4,1
Santa Cruz,5/27/20,202,3,3,1
Santa Cruz,5/28/20,201,3,3,1
Santa Cruz,5/29/20,203,3,3,1
Santa Cruz,5/30/20,206,3,3,1
Shasta,4/1/20,5,1,1,0
Shasta,4/2/20,7,1,2,1
Shasta,4/3/20,10,1,2,1
Shasta,4/4/20,11,2,2,4
Shasta,4/5/20,11,2,8,4
Shasta,4/6/20,16,3,6,2
Shasta,4/7/20,16,3,5,2
Shasta,4/8/20,18,3,4,2
Shasta,4/9/20,22,3,5,2
Shasta,4/10/20,24,3,5,2
Shasta,4/11/20,24,3,5,2
Shasta,4/12/20,24,3,4,2
Shasta,4/13/20,24,3,3,2
Shasta,4/14/20,24,3,1,1
Shasta,4/15/20,25,3,1,1
Shasta,4/16/20,25,3,1,1
Shasta,4/17/20,26,3,1,1
Shasta,4/18/20,26,3,1,1
Shasta,4/19/20,26,3,1,1
Shasta,4/20/20,26,3,1,1
Shasta,4/21/20,26,3,1,1
Shasta,4/22/20,26,3,1,1
Shasta,4/23/20,27,3,1,1
Shasta,4/24/20,28,4,1,1
Shasta,4/25/20,29,4,1,1
Shasta,4/26/20,29,4,1,1
Shasta,4/27/20,29,4,1,1
Shasta,4/28/20,29,4,2,2
Shasta,4/29/20,31,4,2,2
Shasta,4/30/20,31,4,2,2
Shasta,5/1/20,31,4,1,1
Shasta,5/2/20,31,4,0,0
Shasta,5/3/20,31,4,0,0
Shasta,5/4/20,31,4,0,0
Shasta,5/5/20,31,4,0,0
Shasta,5/6/20,31,4,0,0
Shasta,5/7/20,31,4,0,0
Shasta,5/8/20,31,4,0,0
Shasta,5/9/20,31,4,0,0
Shasta,5/10/20,31,4,0,1
Shasta,5/11/20,31,4,0,0
Shasta,5/12/20,33,4,0,0
Shasta,5/13/20,32,4,0,0
Shasta,5/14/20,33,4,0,0
Shasta,5/15/20,33,4,0,0
Shasta,5/16/20,33,4,0,0
Shasta,5/17/20,34,4,0,1
Shasta,5/18/20,34,4,0,0
Shasta,5/19/20,34,4,0,0
Shasta,5/20/20,34,4,0,0
Shasta,5/21/20,34,4,0,0
Shasta,5/22/20,34,4,0,0
Shasta,5/23/20,35,4,0,0
Shasta,5/24/20,36,4,0,0
Shasta,5/25/20,36,4,0,0
Shasta,5/26/20,36,4,1,0
Shasta,5/27/20,36,4,0,0
Shasta,5/28/20,36,4,0,0
Shasta,5/29/20,36,4,0,0
Shasta,5/30/20,36,4,1,1
Sierra,4/1/20,0,0,,
Sierra,4/2/20,0,0,,
Sierra,4/3/20,0,0,,
Sierra,4/4/20,0,0,,
Sierra,4/5/20,0,0,,
Sierra,4/6/20,0,0,,
Sierra,4/7/20,0,0,,
Sierra,4/8/20,0,0,,
Sierra,4/9/20,0,0,0,0
Sierra,4/10/20,0,0,0,0
Sierra,4/11/20,0,0,0,0
Sierra,4/12/20,0,0,0,0
Sierra,4/13/20,0,0,0,0
Sierra,4/14/20,0,0,0,0
Sierra,4/15/20,0,0,0,0
Sierra,4/16/20,0,0,0,0
Sierra,4/17/20,0,0,0,0
Sierra,4/18/20,0,0,0,0
Sierra,4/19/20,0,0,0,0
Sierra,4/20/20,0,0,0,0
Sierra,4/21/20,0,0,0,0
Sierra,4/22/20,0,0,0,0
Sierra,4/23/20,0,0,0,0
Sierra,4/24/20,0,0,0,0
Sierra,4/25/20,0,0,0,0
Sierra,4/26/20,0,0,0,0
Sierra,4/27/20,0,0,0,0
Sierra,4/28/20,0,0,0,0
Sierra,4/29/20,0,0,0,0
Sierra,4/30/20,0,0,0,0
Sierra,5/1/20,0,0,0,0
Sierra,5/2/20,0,0,0,0
Sierra,5/3/20,0,0,0,0
Sierra,5/4/20,0,0,0,0
Sierra,5/5/20,0,0,0,0
Sierra,5/6/20,0,0,0,0
Sierra,5/7/20,0,0,0,0
Sierra,5/8/20,0,0,0,0
Sierra,5/9/20,0,0,0,0
Sierra,5/10/20,0,0,0,0
Sierra,5/11/20,0,0,0,0
Sierra,5/12/20,0,0,0,0
Sierra,5/13/20,0,0,0,0
Sierra,5/14/20,0,0,0,0
Sierra,5/15/20,0,0,0,0
Sierra,5/16/20,0,0,0,0
Sierra,5/17/20,0,0,0,0
Sierra,5/18/20,0,0,0,0
Sierra,5/19/20,0,0,0,0
Sierra,5/20/20,0,0,0,0
Sierra,5/21/20,0,0,0,0
Sierra,5/22/20,0,0,0,0
Sierra,5/23/20,1,0,0,0
Sierra,5/24/20,1,0,0,0
Sierra,5/25/20,1,0,0,0
Sierra,5/26/20,1,0,0,0
Sierra,5/27/20,1,0,0,0
Sierra,5/28/20,1,0,0,0
Sierra,5/29/20,1,0,0,0
Sierra,5/30/20,1,0,0,0
Siskiyou,4/1/20,3,0,0,0
Siskiyou,4/2/20,3,0,0,0
Siskiyou,4/3/20,3,0,0,0
Siskiyou,4/4/20,3,0,0,0
Siskiyou,4/5/20,3,0,0,0
Siskiyou,4/6/20,4,0,0,0
Siskiyou,4/7/20,4,0,0,0
Siskiyou,4/8/20,4,0,0,0
Siskiyou,4/9/20,4,0,0,0
Siskiyou,4/10/20,5,0,0,0
Siskiyou,4/11/20,5,0,0,0
Siskiyou,4/12/20,5,0,0,0
Siskiyou,4/13/20,5,0,0,0
Siskiyou,4/14/20,5,0,0,0
Siskiyou,4/15/20,5,0,2,0
Siskiyou,4/16/20,5,0,0,0
Siskiyou,4/17/20,5,0,0,0
Siskiyou,4/18/20,5,0,0,0
Siskiyou,4/19/20,5,0,0,0
Siskiyou,4/20/20,5,0,0,0
Siskiyou,4/21/20,5,0,0,0
Siskiyou,4/22/20,5,0,0,0
Siskiyou,4/23/20,5,0,0,0
Siskiyou,4/24/20,5,0,0,0
Siskiyou,4/25/20,5,0,0,0
Siskiyou,4/26/20,5,0,0,0
Siskiyou,4/27/20,5,0,0,0
Siskiyou,4/28/20,5,0,0,0
Siskiyou,4/29/20,5,0,0,0
Siskiyou,4/30/20,5,0,0,0
Siskiyou,5/1/20,5,0,0,0
Siskiyou,5/2/20,5,0,0,0
Siskiyou,5/3/20,5,0,0,0
Siskiyou,5/4/20,5,0,0,0
Siskiyou,5/5/20,5,0,0,0
Siskiyou,5/6/20,5,0,0,0
Siskiyou,5/7/20,5,0,0,0
Siskiyou,5/8/20,5,0,0,0
Siskiyou,5/9/20,5,0,0,0
Siskiyou,5/10/20,5,0,0,0
Siskiyou,5/11/20,5,0,0,0
Siskiyou,5/12/20,5,0,0,0
Siskiyou,5/13/20,5,0,0,0
Siskiyou,5/14/20,5,0,0,0
Siskiyou,5/15/20,5,0,0,0
Siskiyou,5/16/20,6,0,0,0
Siskiyou,5/17/20,6,0,0,0
Siskiyou,5/18/20,6,0,0,0
Siskiyou,5/19/20,6,0,0,0
Siskiyou,5/20/20,6,0,0,0
Siskiyou,5/21/20,6,0,0,0
Siskiyou,5/22/20,6,0,0,0
Siskiyou,5/23/20,6,0,0,0
Siskiyou,5/24/20,6,0,0,0
Siskiyou,5/25/20,6,0,0,0
Siskiyou,5/26/20,6,0,0,0
Siskiyou,5/27/20,6,0,0,0
Siskiyou,5/28/20,6,0,0,0
Siskiyou,5/29/20,7,0,1,0
Siskiyou,5/30/20,7,0,0,0
Solano,4/1/20,57,0,14,5
Solano,4/2/20,65,0,15,7
Solano,4/3/20,72,1,16,7
Solano,4/4/20,79,1,16,7
Solano,4/5/20,78,1,15,6
Solano,4/6/20,95,1,15,6
Solano,4/7/20,99,1,14,7
Solano,4/8/20,111,2,15,8
Solano,4/9/20,118,2,14,8
Solano,4/10/20,129,2,18,9
Solano,4/11/20,138,2,13,9
Solano,4/12/20,136,2,13,7
Solano,4/13/20,137,2,13,7
Solano,4/14/20,140,2,12,6
Solano,4/15/20,153,2,9,6
Solano,4/16/20,162,2,9,6
Solano,4/17/20,173,2,10,5
Solano,4/18/20,175,2,9,6
Solano,4/19/20,174,2,11,6
Solano,4/20/20,185,2,10,6
Solano,4/21/20,193,3,6,2
Solano,4/22/20,195,3,10,2
Solano,4/23/20,196,4,11,5
Solano,4/24/20,203,4,10,4
Solano,4/25/20,203,4,10,3
Solano,4/26/20,205,4,8,3
Solano,4/27/20,222,4,8,4
Solano,4/28/20,246,4,12,5
Solano,4/29/20,252,5,10,5
Solano,4/30/20,262,5,11,5
Solano,5/1/20,266,5,10,6
Solano,5/2/20,267,5,14,7
Solano,5/3/20,266,5,14,8
Solano,5/4/20,293,6,15,8
Solano,5/5/20,299,6,13,5
Solano,5/6/20,300,7,12,6
Solano,5/7/20,307,7,10,7
Solano,5/8/20,314,7,10,7
Solano,5/9/20,321,7,11,7
Solano,5/10/20,322,7,14,8
Solano,5/11/20,354,10,13,10
Solano,5/12/20,361,11,15,9
Solano,5/13/20,368,12,16,8
Solano,5/14/20,372,14,15,8
Solano,5/15/20,388,16,14,8
Solano,5/16/20,392,16,14,9
Solano,5/17/20,392,16,17,9
Solano,5/18/20,398,16,16,9
Solano,5/19/20,415,16,18,9
Solano,5/20/20,418,18,18,9
Solano,5/21/20,424,19,18,7
Solano,5/22/20,431,20,18,6
Solano,5/23/20,435,20,18,6
Solano,5/24/20,436,20,18,8
Solano,5/25/20,437,20,21,11
Solano,5/26/20,470,20,19,9
Solano,5/27/20,477,21,20,8
Solano,5/28/20,489,22,19,8
Solano,5/29/20,498,22,20,8
Solano,5/30/20,512,22,18,7
Sonoma,4/1/20,60,1,5,1
Sonoma,4/2/20,76,1,8,1
Sonoma,4/3/20,84,1,6,2
Sonoma,4/4/20,88,1,7,2
Sonoma,4/5/20,88,1,6,2
Sonoma,4/6/20,102,1,6,2
Sonoma,4/7/20,102,1,6,2
Sonoma,4/8/20,107,1,6,2
Sonoma,4/9/20,113,1,5,2
Sonoma,4/10/20,129,2,4,1
Sonoma,4/11/20,131,2,3,1
Sonoma,4/12/20,131,2,3,1
Sonoma,4/13/20,133,2,3,1
Sonoma,4/14/20,133,2,3,1
Sonoma,4/15/20,140,2,3,1
Sonoma,4/16/20,145,2,3,1
Sonoma,4/17/20,167,2,2,1
Sonoma,4/18/20,168,2,2,1
Sonoma,4/19/20,172,2,2,0
Sonoma,4/20/20,178,2,2,0
Sonoma,4/21/20,182,2,2,0
Sonoma,4/22/20,185,2,3,0
Sonoma,4/23/20,187,2,3,0
Sonoma,4/24/20,199,2,3,0
Sonoma,4/25/20,199,2,3,0
Sonoma,4/26/20,216,2,1,0
Sonoma,4/27/20,220,2,2,0
Sonoma,4/28/20,226,2,3,0
Sonoma,4/29/20,230,2,5,2
Sonoma,4/30/20,233,3,5,2
Sonoma,5/1/20,242,3,4,1
Sonoma,5/2/20,250,3,3,2
Sonoma,5/3/20,254,4,2,1
Sonoma,5/4/20,256,4,3,1
Sonoma,5/5/20,263,4,3,0
Sonoma,5/6/20,269,4,4,1
Sonoma,5/7/20,282,4,2,1
Sonoma,5/8/20,285,4,2,1
Sonoma,5/9/20,288,4,3,2
Sonoma,5/10/20,290,4,5,2
Sonoma,5/11/20,303,5,5,2
Sonoma,5/12/20,308,4,6,4
Sonoma,5/13/20,330,4,5,3
Sonoma,5/14/20,333,4,5,3
Sonoma,5/15/20,349,4,5,3
Sonoma,5/16/20,356,4,5,2
Sonoma,5/17/20,376,4,5,3
Sonoma,5/18/20,387,4,3,2
Sonoma,5/19/20,389,4,4,2
Sonoma,5/20/20,411,4,2,2
Sonoma,5/21/20,427,4,4,3
Sonoma,5/22/20,444,4,5,3
Sonoma,5/23/20,462,4,5,3
Sonoma,5/24/20,485,4,6,3
Sonoma,5/25/20,496,4,5,3
Sonoma,5/26/20,509,4,5,2
Sonoma,5/27/20,521,4,9,3
Sonoma,5/28/20,529,4,8,2
Sonoma,5/29/20,537,4,7,2
Sonoma,5/30/20,551,4,5,2
Stanislaus,4/1/20,29,0,25,10
Stanislaus,4/2/20,40,0,30,11
Stanislaus,4/3/20,48,0,28,12
Stanislaus,4/4/20,51,0,30,12
Stanislaus,4/5/20,51,0,30,14
Stanislaus,4/6/20,72,0,28,12
Stanislaus,4/7/20,83,0,28,13
Stanislaus,4/8/20,86,0,30,11
Stanislaus,4/9/20,93,0,28,11
Stanislaus,4/10/20,101,0,27,11
Stanislaus,4/11/20,119,1,23,8
Stanislaus,4/12/20,117,1,19,8
Stanislaus,4/13/20,132,2,21,9
Stanislaus,4/14/20,136,4,18,9
Stanislaus,4/15/20,174,4,19,7
Stanislaus,4/16/20,185,4,18,6
Stanislaus,4/17/20,201,4,15,7
Stanislaus,4/18/20,216,4,14,5
Stanislaus,4/19/20,221,4,13,5
Stanislaus,4/20/20,228,4,13,5
Stanislaus,4/21/20,235,4,11,4
Stanislaus,4/22/20,247,5,13,5
Stanislaus,4/23/20,254,5,14,6
Stanislaus,4/24/20,273,5,12,6
Stanislaus,4/25/20,276,5,21,5
Stanislaus,4/26/20,294,5,28,7
Stanislaus,4/27/20,316,8,30,8
Stanislaus,4/28/20,330,10,31,7
Stanislaus,4/29/20,374,11,35,4
Stanislaus,4/30/20,378,11,35,3
Stanislaus,5/1/20,384,13,35,2
Stanislaus,5/2/20,388,14,36,1
Stanislaus,5/3/20,411,14,33,1
Stanislaus,5/4/20,422,15,34,2
Stanislaus,5/5/20,430,15,29,3
Stanislaus,5/6/20,434,17,27,2
Stanislaus,5/7/20,466,19,25,1
Stanislaus,5/8/20,487,19,21,3
Stanislaus,5/9/20,491,20,18,3
Stanislaus,5/10/20,498,21,17,1
Stanislaus,5/11/20,507,21,21,2
Stanislaus,5/12/20,515,22,19,1
Stanislaus,5/13/20,521,23,20,2
Stanislaus,5/14/20,533,23,19,2
Stanislaus,5/15/20,540,24,19,3
Stanislaus,5/16/20,546,24,19,1
Stanislaus,5/17/20,566,24,20,1
Stanislaus,5/18/20,572,26,18,1
Stanislaus,5/19/20,582,26,17,3
Stanislaus,5/20/20,584,26,18,3
Stanislaus,5/21/20,602,28,22,3
Stanislaus,5/22/20,616,28,23,3
Stanislaus,5/23/20,625,28,23,6
Stanislaus,5/24/20,634,28,22,6
Stanislaus,5/25/20,651,28,18,6
Stanislaus,5/26/20,663,28,18,7
Stanislaus,5/27/20,675,28,17,6
Stanislaus,5/28/20,684,28,15,6
Stanislaus,5/29/20,698,28,13,7
Stanislaus,5/30/20,712,28,14,9
Sutter,4/1/20,9,1,0,0
Sutter,4/2/20,10,1,0,
Sutter,4/3/20,12,1,0,
Sutter,4/4/20,14,1,0,
Sutter,4/5/20,14,1,0,0
Sutter,4/6/20,14,2,0,
Sutter,4/7/20,16,2,0,
Sutter,4/8/20,17,2,0,
Sutter,4/9/20,17,2,0,0
Sutter,4/10/20,18,2,0,0
Sutter,4/11/20,18,2,0,0
Sutter,4/12/20,18,2,0,0
Sutter,4/13/20,18,2,0,0
Sutter,4/14/20,19,2,0,0
Sutter,4/15/20,19,2,0,0
Sutter,4/16/20,21,2,0,0
Sutter,4/17/20,20,2,0,0
Sutter,4/18/20,21,2,0,0
Sutter,4/19/20,21,2,0,0
Sutter,4/20/20,22,2,0,0
Sutter,4/21/20,22,2,0,0
Sutter,4/22/20,22,2,0,0
Sutter,4/23/20,24,2,0,0
Sutter,4/24/20,24,2,0,0
Sutter,4/25/20,24,2,0,0
Sutter,4/26/20,26,2,0,0
Sutter,4/27/20,26,2,0,0
Sutter,4/28/20,25,2,0,0
Sutter,4/29/20,28,2,0,0
Sutter,4/30/20,28,2,0,0
Sutter,5/1/20,28,2,0,0
Sutter,5/2/20,28,2,0,0
Sutter,5/3/20,28,2,0,0
Sutter,5/4/20,28,2,0,0
Sutter,5/5/20,29,2,0,0
Sutter,5/6/20,29,2,0,0
Sutter,5/7/20,29,2,0,0
Sutter,5/8/20,30,2,0,0
Sutter,5/9/20,31,2,0,0
Sutter,5/10/20,31,2,0,0
Sutter,5/11/20,32,2,0,0
Sutter,5/12/20,33,2,0,0
Sutter,5/13/20,33,2,0,0
Sutter,5/14/20,34,2,0,0
Sutter,5/15/20,35,2,0,0
Sutter,5/16/20,35,2,0,0
Sutter,5/17/20,38,2,0,0
Sutter,5/18/20,38,2,0,0
Sutter,5/19/20,38,2,0,0
Sutter,5/20/20,38,2,0,0
Sutter,5/21/20,38,2,0,0
Sutter,5/22/20,38,2,0,0
Sutter,5/23/20,38,2,0,0
Sutter,5/24/20,38,2,0,0
Sutter,5/25/20,38,2,0,0
Sutter,5/26/20,39,2,0,0
Sutter,5/27/20,40,2,0,0
Sutter,5/28/20,40,2,0,0
Sutter,5/29/20,40,2,0,0
Sutter,5/30/20,40,2,0,0
Tehama,4/1/20,0,0,0,0
Tehama,4/2/20,1,0,0,0
Tehama,4/3/20,1,0,0,0
Tehama,4/4/20,1,0,0,0
Tehama,4/5/20,1,0,0,0
Tehama,4/6/20,1,0,0,0
Tehama,4/7/20,1,0,0,0
Tehama,4/8/20,1,0,0,0
Tehama,4/9/20,1,0,0,0
Tehama,4/10/20,1,0,0,0
Tehama,4/11/20,1,0,0,0
Tehama,4/12/20,1,0,0,0
Tehama,4/13/20,1,0,0,0
Tehama,4/14/20,1,0,0,0
Tehama,4/15/20,1,1,0,0
Tehama,4/16/20,1,1,0,0
Tehama,4/17/20,1,1,0,0
Tehama,4/18/20,1,1,0,0
Tehama,4/19/20,1,1,0,0
Tehama,4/20/20,1,1,0,0
Tehama,4/21/20,1,1,0,0
Tehama,4/22/20,1,1,0,0
Tehama,4/23/20,1,1,0,0
Tehama,4/24/20,1,1,0,0
Tehama,4/25/20,1,1,0,0
Tehama,4/26/20,1,1,0,0
Tehama,4/27/20,1,1,0,0
Tehama,4/28/20,1,1,0,0
Tehama,4/29/20,1,1,0,0
Tehama,4/30/20,1,1,0,0
Tehama,5/1/20,1,1,0,0
Tehama,5/2/20,1,1,0,0
Tehama,5/3/20,1,1,0,0
Tehama,5/4/20,1,1,0,0
Tehama,5/5/20,1,1,0,0
Tehama,5/6/20,1,1,0,0
Tehama,5/7/20,1,1,0,0
Tehama,5/8/20,1,1,0,0
Tehama,5/9/20,1,1,0,0
Tehama,5/10/20,1,1,0,0
Tehama,5/11/20,1,1,0,0
Tehama,5/12/20,1,1,0,0
Tehama,5/13/20,1,1,0,0
Tehama,5/14/20,1,1,0,0
Tehama,5/15/20,1,1,0,0
Tehama,5/16/20,2,1,0,0
Tehama,5/17/20,2,1,0,0
Tehama,5/18/20,2,1,0,0
Tehama,5/19/20,2,1,0,0
Tehama,5/20/20,2,1,0,0
Tehama,5/21/20,2,1,0,0
Tehama,5/22/20,2,1,0,0
Tehama,5/23/20,2,1,0,0
Tehama,5/24/20,2,1,0,0
Tehama,5/25/20,2,1,0,0
Tehama,5/26/20,2,1,0,0
Tehama,5/27/20,3,1,0,0
Tehama,5/28/20,4,1,0,0
Tehama,5/29/20,4,1,0,0
Tehama,5/30/20,4,1,0,0
Trinity,4/1/20,0,0,0,0
Trinity,4/2/20,0,0,0,0
Trinity,4/3/20,0,0,0,0
Trinity,4/4/20,0,0,0,0
Trinity,4/5/20,0,0,0,0
Trinity,4/6/20,0,0,0,0
Trinity,4/7/20,0,0,0,0
Trinity,4/8/20,0,0,0,0
Trinity,4/9/20,0,0,0,0
Trinity,4/10/20,0,0,0,0
Trinity,4/11/20,0,0,0,0
Trinity,4/12/20,0,0,0,0
Trinity,4/13/20,0,0,0,0
Trinity,4/14/20,0,0,0,0
Trinity,4/15/20,0,0,0,0
Trinity,4/16/20,0,0,0,0
Trinity,4/17/20,0,0,0,0
Trinity,4/18/20,0,0,0,0
Trinity,4/19/20,0,0,0,0
Trinity,4/20/20,0,0,0,0
Trinity,4/21/20,0,0,0,0
Trinity,4/22/20,0,0,0,0
Trinity,4/23/20,0,0,0,0
Trinity,4/24/20,0,0,0,0
Trinity,4/25/20,0,0,0,0
Trinity,4/26/20,0,0,0,0
Trinity,4/27/20,0,0,0,0
Trinity,4/28/20,0,0,0,0
Trinity,4/29/20,0,0,0,0
Trinity,4/30/20,0,0,0,0
Trinity,5/1/20,0,0,0,0
Trinity,5/2/20,0,0,0,0
Trinity,5/3/20,0,0,0,0
Trinity,5/4/20,0,0,0,0
Trinity,5/5/20,0,0,0,0
Trinity,5/6/20,0,0,0,0
Trinity,5/7/20,0,0,0,0
Trinity,5/8/20,0,0,0,0
Trinity,5/9/20,1,0,0,0
Trinity,5/10/20,1,0,0,0
Trinity,5/11/20,1,0,0,0
Trinity,5/12/20,1,0,0,0
Trinity,5/13/20,2,0,0,0
Trinity,5/14/20,1,0,0,0
Trinity,5/15/20,1,0,0,0
Trinity,5/16/20,1,0,0,0
Trinity,5/17/20,1,0,0,0
Trinity,5/18/20,1,0,0,0
Trinity,5/19/20,1,0,0,0
Trinity,5/20/20,1,0,0,0
Trinity,5/21/20,1,0,0,0
Trinity,5/22/20,1,0,0,0
Trinity,5/23/20,1,0,0,0
Trinity,5/24/20,1,0,0,0
Trinity,5/25/20,1,0,0,0
Trinity,5/26/20,1,0,0,0
Trinity,5/27/20,1,0,0,0
Trinity,5/28/20,1,0,0,0
Trinity,5/29/20,1,0,0,0
Trinity,5/30/20,1,0,0,0
Tulare,4/1/20,43,1,4,3
Tulare,4/2/20,64,1,4,4
Tulare,4/3/20,73,3,6,5
Tulare,4/4/20,79,4,8,5
Tulare,4/5/20,81,4,4,8
Tulare,4/6/20,126,5,12,8
Tulare,4/7/20,144,5,8,5
Tulare,4/8/20,145,6,7,2
Tulare,4/9/20,147,9,10,5
Tulare,4/10/20,163,11,11,6
Tulare,4/11/20,168,11,12,4
Tulare,4/12/20,166,11,15,6
Tulare,4/13/20,186,13,14,6
Tulare,4/14/20,228,13,15,6
Tulare,4/15/20,289,15,18,7
Tulare,4/16/20,305,17,22,8
Tulare,4/17/20,370,17,23,7
Tulare,4/18/20,385,17,27,9
Tulare,4/19/20,391,17,27,9
Tulare,4/20/20,401,18,27,9
Tulare,4/21/20,410,22,27,9
Tulare,4/22/20,425,25,27,9
Tulare,4/23/20,440,25,30,11
Tulare,4/24/20,459,28,33,11
Tulare,4/25/20,478,32,26,7
Tulare,4/26/20,497,32,26,8
Tulare,4/27/20,535,32,29,7
Tulare,4/28/20,579,35,32,6
Tulare,4/29/20,615,36,30,5
Tulare,4/30/20,637,40,28,5
Tulare,5/1/20,685,40,28,5
Tulare,5/2/20,711,40,28,5
Tulare,5/3/20,736,40,23,6
Tulare,5/4/20,760,40,21,6
Tulare,5/5/20,869,40,23,5
Tulare,5/6/20,963,41,25,5
Tulare,5/7/20,1001,43,11,5
Tulare,5/8/20,1050,44,26,7
Tulare,5/9/20,1083,47,28,9
Tulare,5/10/20,1143,48,27,8
Tulare,5/11/20,1203,50,35,10
Tulare,5/12/20,1261,52,34,11
Tulare,5/13/20,1283,54,40,10
Tulare,5/14/20,1317,54,37,10
Tulare,5/15/20,1356,64,38,9
Tulare,5/16/20,1426,67,40,10
Tulare,5/17/20,1430,67,40,10
Tulare,5/18/20,1491,67,35,9
Tulare,5/19/20,1551,71,37,9
Tulare,5/20/20,1585,73,42,9
Tulare,5/21/20,1606,74,39,8
Tulare,5/22/20,1662,75,38,9
Tulare,5/23/20,1682,75,40,9
Tulare,5/24/20,1684,75,42,10
Tulare,5/25/20,1747,75,40,13
Tulare,5/26/20,1768,79,37,8
Tulare,5/27/20,1817,79,36,10
Tulare,5/28/20,1832,80,37,10
Tulare,5/29/20,1852,84,37,11
Tulare,5/30/20,1879,84,37,12
Tuolumne,4/1/20,1,0,0,0
Tuolumne,4/2/20,1,0,0,0
Tuolumne,4/3/20,1,0,0,0
Tuolumne,4/4/20,1,0,0,0
Tuolumne,4/5/20,1,0,0,0
Tuolumne,4/6/20,1,0,0,0
Tuolumne,4/7/20,1,0,0,0
Tuolumne,4/8/20,0,0,0,0
Tuolumne,4/9/20,0,0,0,0
Tuolumne,4/10/20,0,0,0,0
Tuolumne,4/11/20,0,0,0,0
Tuolumne,4/12/20,0,0,0,0
Tuolumne,4/13/20,0,0,0,0
Tuolumne,4/14/20,0,0,0,0
Tuolumne,4/15/20,1,0,0,0
Tuolumne,4/16/20,1,0,0,0
Tuolumne,4/17/20,2,0,0,0
Tuolumne,4/18/20,2,0,0,0
Tuolumne,4/19/20,2,0,0,0
Tuolumne,4/20/20,2,0,0,0
Tuolumne,4/21/20,2,0,0,0
Tuolumne,4/22/20,2,0,0,0
Tuolumne,4/23/20,2,0,0,0
Tuolumne,4/24/20,2,0,0,0
Tuolumne,4/25/20,2,0,0,0
Tuolumne,4/26/20,3,0,0,0
Tuolumne,4/27/20,3,0,0,0
Tuolumne,4/28/20,4,0,0,0
Tuolumne,4/29/20,4,0,0,0
Tuolumne,4/30/20,3,0,0,0
Tuolumne,5/1/20,3,0,0,0
Tuolumne,5/2/20,3,0,0,0
Tuolumne,5/3/20,3,0,0,0
Tuolumne,5/4/20,3,0,0,0
Tuolumne,5/5/20,2,0,0,0
Tuolumne,5/6/20,2,0,0,0
Tuolumne,5/7/20,2,0,0,0
Tuolumne,5/8/20,2,0,0,0
Tuolumne,5/9/20,2,0,0,0
Tuolumne,5/10/20,2,0,0,0
Tuolumne,5/11/20,2,0,0,0
Tuolumne,5/12/20,2,0,0,0
Tuolumne,5/13/20,2,0,0,0
Tuolumne,5/14/20,2,0,0,0
Tuolumne,5/15/20,2,0,0,0
Tuolumne,5/16/20,2,0,0,0
Tuolumne,5/17/20,2,0,0,0
Tuolumne,5/18/20,2,0,0,0
Tuolumne,5/19/20,2,0,0,0
Tuolumne,5/20/20,2,0,0,0
Tuolumne,5/21/20,2,0,0,0
Tuolumne,5/22/20,2,0,0,0
Tuolumne,5/23/20,2,0,0,0
Tuolumne,5/24/20,2,0,0,0
Tuolumne,5/25/20,2,0,0,0
Tuolumne,5/26/20,2,0,0,0
Tuolumne,5/27/20,4,0,0,0
Tuolumne,5/28/20,4,0,0,0
Tuolumne,5/29/20,4,0,0,0
Tuolumne,5/30/20,4,0,0,0
Unassigned,4/1/20,50,1,,
Unassigned,4/2/20,49,1,,
Unassigned,4/3/20,54,1,,
Unassigned,4/4/20,52,1,,
Unassigned,4/5/20,52,1,,
Unassigned,4/6/20,53,2,,
Unassigned,4/7/20,53,2,,
Unassigned,4/8/20,55,2,,
Unassigned,4/9/20,53,2,0,0
Unassigned,4/10/20,2,0,0,0
Unassigned,4/11/20,2,0,0,0
Unassigned,4/12/20,2,0,0,0
Unassigned,4/13/20,2,0,0,0
Unassigned,4/14/20,2,0,0,0
Unassigned,4/15/20,2,0,0,0
Unassigned,4/16/20,4,0,0,0
Unassigned,4/17/20,2,0,0,0
Unassigned,4/18/20,3,0,0,0
Unassigned,4/19/20,1,0,0,0
Unassigned,4/20/20,2,0,0,0
Unassigned,4/21/20,2,0,0,0
Unassigned,4/22/20,3,0,0,0
Unassigned,4/23/20,3,0,0,0
Unassigned,4/24/20,2,0,0,0
Unassigned,4/25/20,3,0,0,0
Unassigned,4/26/20,3,0,0,0
Unassigned,4/27/20,3,0,0,0
Unassigned,4/28/20,2,0,0,0
Unassigned,4/29/20,2,0,0,0
Unassigned,4/30/20,3,0,0,0
Unassigned,5/1/20,4,0,0,0
Unassigned,5/2/20,2,0,0,0
Unassigned,5/3/20,3,0,0,0
Unassigned,5/4/20,3,0,0,0
Unassigned,5/5/20,2,0,0,0
Unassigned,5/6/20,2,0,0,0
Unassigned,5/7/20,2,0,0,0
Unassigned,5/8/20,2,0,0,0
Unassigned,5/9/20,3,0,0,0
Unassigned,5/10/20,2,0,0,0
Unassigned,5/11/20,3,0,0,0
Unassigned,5/12/20,4,0,0,0
Unassigned,5/13/20,2,0,0,0
Unassigned,5/14/20,2,0,0,0
Unassigned,5/15/20,3,0,0,0
Unassigned,5/16/20,4,0,0,0
Unassigned,5/17/20,3,0,0,0
Unassigned,5/18/20,3,0,0,0
Unassigned,5/19/20,6,0,0,0
Unassigned,5/20/20,3,0,0,0
Unassigned,5/21/20,2,0,0,0
Unassigned,5/22/20,3,0,0,0
Unassigned,5/23/20,2,0,0,0
Unassigned,5/24/20,2,0,0,0
Unassigned,5/25/20,2,0,0,0
Unassigned,5/26/20,2,0,0,0
Unassigned,5/27/20,2,0,0,0
Unassigned,5/28/20,3,0,0,0
Unassigned,5/29/20,5,0,0,0
Unassigned,5/30/20,3,0,0,0
Ventura,4/1/20,154,5,22,5
Ventura,4/2/20,178,5,27,7
Ventura,4/3/20,186,6,22,6
Ventura,4/4/20,194,6,21,7
Ventura,4/5/20,196,6,21,7
Ventura,4/6/20,234,6,22,9
Ventura,4/7/20,247,6,22,9
Ventura,4/8/20,263,7,18,9
Ventura,4/9/20,273,9,18,8
Ventura,4/10/20,290,9,19,8
Ventura,4/11/20,304,9,22,9
Ventura,4/12/20,306,9,21,8
Ventura,4/13/20,311,9,21,9
Ventura,4/14/20,328,10,24,9
Ventura,4/15/20,365,13,25,8
Ventura,4/16/20,384,13,24,7
Ventura,4/17/20,398,13,23,8
Ventura,4/18/20,416,13,25,9
Ventura,4/19/20,418,13,26,9
Ventura,4/20/20,426,13,29,8
Ventura,4/21/20,455,13,28,9
Ventura,4/22/20,465,14,27,8
Ventura,4/23/20,479,16,25,10
Ventura,4/24/20,489,16,24,6
Ventura,4/25/20,494,16,27,6
Ventura,4/26/20,509,17,27,6
Ventura,4/27/20,513,17,28,6
Ventura,4/28/20,517,17,31,11
Ventura,4/29/20,530,18,31,10
Ventura,4/30/20,547,18,33,10
Ventura,5/1/20,556,18,29,10
Ventura,5/2/20,564,19,26,10
Ventura,5/3/20,583,19,29,8
Ventura,5/4/20,590,19,26,9
Ventura,5/5/20,607,19,24,9
Ventura,5/6/20,619,19,28,11
Ventura,5/7/20,647,19,33,13
Ventura,5/8/20,665,19,33,13
Ventura,5/9/20,679,19,33,13
Ventura,5/10/20,690,19,28,12
Ventura,5/11/20,698,19,31,12
Ventura,5/12/20,718,19,26,13
Ventura,5/13/20,742,24,25,13
Ventura,5/14/20,760,25,28,16
Ventura,5/15/20,789,25,27,14
Ventura,5/16/20,813,25,27,13
Ventura,5/17/20,838,25,31,11
Ventura,5/18/20,850,27,33,15
Ventura,5/19/20,861,28,33,12
Ventura,5/20/20,879,28,36,12
Ventura,5/21/20,907,29,30,12
Ventura,5/22/20,937,30,29,12
Ventura,5/23/20,961,30,29,11
Ventura,5/24/20,982,30,32,13
Ventura,5/25/20,1020,30,33,10
Ventura,5/26/20,1033,30,34,11
Ventura,5/27/20,1065,32,28,10
Ventura,5/28/20,1083,32,28,10
Ventura,5/29/20,1093,32,31,10
Ventura,5/30/20,1116,33,26,11
Yolo,4/1/20,22,1,3,1
Yolo,4/2/20,29,1,3,2
Yolo,4/3/20,33,1,2,3
Yolo,4/4/20,40,2,4,3
Yolo,4/5/20,37,2,3,3
Yolo,4/6/20,43,1,4,3
Yolo,4/7/20,51,2,2,2
Yolo,4/8/20,56,3,2,1
Yolo,4/9/20,59,3,2,1
Yolo,4/10/20,62,2,3,1
Yolo,4/11/20,67,2,3,1
Yolo,4/12/20,67,2,4,2
Yolo,4/13/20,81,2,4,2
Yolo,4/14/20,81,4,3,2
Yolo,4/15/20,93,7,2,2
Yolo,4/16/20,98,7,2,1
Yolo,4/17/20,117,8,4,1
Yolo,4/18/20,118,8,4,1
Yolo,4/19/20,120,8,6,0
Yolo,4/20/20,125,10,5,0
Yolo,4/21/20,143,10,5,1
Yolo,4/22/20,147,12,4,1
Yolo,4/23/20,151,12,4,1
Yolo,4/24/20,155,13,4,1
Yolo,4/25/20,157,13,5,1
Yolo,4/26/20,158,13,1,1
Yolo,4/27/20,160,15,0,0
Yolo,4/28/20,160,15,0,0
Yolo,4/29/20,161,15,0,0
Yolo,4/30/20,164,16,0,0
Yolo,5/1/20,165,18,0,0
Yolo,5/2/20,169,18,0,0
Yolo,5/3/20,171,18,0,1
Yolo,5/4/20,171,18,0,1
Yolo,5/5/20,171,18,0,0
Yolo,5/6/20,172,18,0,0
Yolo,5/7/20,172,18,0,0
Yolo,5/8/20,172,18,0,0
Yolo,5/9/20,172,18,0,1
Yolo,5/10/20,173,18,0,1
Yolo,5/11/20,174,20,0,0
Yolo,5/12/20,176,20,0,0
Yolo,5/13/20,178,22,0,0
Yolo,5/14/20,180,22,0,0
Yolo,5/15/20,182,22,0,0
Yolo,5/16/20,181,22,0,0
Yolo,5/17/20,182,22,0,1
Yolo,5/18/20,183,22,0,0
Yolo,5/19/20,183,22,0,0
Yolo,5/20/20,184,22,0,0
Yolo,5/21/20,185,22,0,0
Yolo,5/22/20,187,22,0,0
Yolo,5/23/20,188,22,0,1
Yolo,5/24/20,192,22,0,0
Yolo,5/25/20,197,22,1,0
Yolo,5/26/20,198,22,1,0
Yolo,5/27/20,204,22,0,0
Yolo,5/28/20,206,23,0,0
Yolo,5/29/20,211,24,0,0
Yolo,5/30/20,210,24,0,0
Yuba,4/1/20,5,0,2,2
Yuba,4/2/20,5,0,2,2
Yuba,4/3/20,6,0,2,2
Yuba,4/4/20,7,0,2,2
Yuba,4/5/20,7,0,1,1
Yuba,4/6/20,8,0,1,1
Yuba,4/7/20,10,0,2,1
Yuba,4/8/20,10,0,2,1
Yuba,4/9/20,13,0,3,2
Yuba,4/10/20,13,1,2,1
Yuba,4/11/20,13,1,2,2
Yuba,4/12/20,13,1,1,1
Yuba,4/13/20,13,1,1,0
Yuba,4/14/20,14,1,1,0
Yuba,4/15/20,15,1,0,0
Yuba,4/16/20,14,1,0,0
Yuba,4/17/20,14,1,0,0
Yuba,4/18/20,14,1,0,0
Yuba,4/19/20,15,1,0,0
Yuba,4/20/20,15,1,0,0
Yuba,4/21/20,15,1,0,0
Yuba,4/22/20,15,1,0,0
Yuba,4/23/20,15,1,0,0
Yuba,4/24/20,15,1,0,0
Yuba,4/25/20,15,1,0,0
Yuba,4/26/20,15,1,0,0
Yuba,4/27/20,15,1,0,0
Yuba,4/28/20,15,1,0,0
Yuba,4/29/20,15,1,0,0
Yuba,4/30/20,15,1,0,0
Yuba,5/1/20,16,1,0,0
Yuba,5/2/20,16,1,0,0
Yuba,5/3/20,16,1,0,0
Yuba,5/4/20,16,1,0,0
Yuba,5/5/20,15,1,0,0
Yuba,5/6/20,15,1,0,0
Yuba,5/7/20,16,1,0,0
Yuba,5/8/20,16,1,0,0
Yuba,5/9/20,17,1,0,0
Yuba,5/10/20,17,1,0,0
Yuba,5/11/20,18,1,0,0
Yuba,5/12/20,19,1,0,0
Yuba,5/13/20,19,1,0,0
Yuba,5/14/20,21,1,0,0
Yuba,5/15/20,21,1,0,0
Yuba,5/16/20,21,1,0,0
Yuba,5/17/20,21,1,1,0
Yuba,5/18/20,23,1,1,0
Yuba,5/19/20,23,1,1,0
Yuba,5/20/20,23,1,1,0
Yuba,5/21/20,24,1,1,0
Yuba,5/22/20,24,1,1,0
Yuba,5/23/20,24,1,1,0
Yuba,5/24/20,24,1,1,0
Yuba,5/25/20,24,1,1,0
Yuba,5/26/20,24,1,1,0
Yuba,5/27/20,24,1,1,0
Yuba,5/28/20,24,1,1,0
Yuba,5/29/20,25,1,1,0
Yuba,5/30/20,25,1,1,0